Country,Date,Gap Between Actual and Potential Growth,Actual Growth,Potential Growth
Australia,3/1/99,#N/A,#N/A,#N/A
Australia,6/1/99,#N/A,#N/A,#N/A
Australia,9/1/99,#N/A,#N/A,#N/A
Australia,12/1/99,#N/A,#N/A,#N/A
Australia,3/1/00,#N/A,0.049636273,#N/A
Australia,6/1/00,#N/A,0.047803413,#N/A
Australia,9/1/00,#N/A,0.024264929,#N/A
Australia,12/1/00,#N/A,0.004883217,#N/A
Australia,3/1/01,-2.30,0.000402522,2.317160802
Australia,6/1/01,-2.80,-0.004999377,2.317160802
Australia,9/1/01,0.40,0.026879747,2.317160802
Australia,12/1/01,2.30,0.046014326,2.317160802
Australia,3/1/02,1.00,0.035860808,2.611574009
Australia,6/1/02,2.20,0.050864678,2.905987215
Australia,9/1/02,0.90,0.041191617,3.200400422
Australia,12/1/02,0.20,0.036878419,3.494813629
Australia,3/1/03,-1.40,0.023073489,3.738032305
Australia,6/1/03,-1.70,0.022885805,3.981250982
Australia,9/1/03,-1.20,0.030599957,4.224469658
Australia,12/1/03,0.50,0.050097167,4.467688334
Australia,3/1/04,1.40,0.057767076,4.329719142
Australia,6/1/04,1.80,0.060231825,4.191749949
Australia,9/1/04,1.50,0.055905617,4.053780756
Australia,12/1/04,0.00,0.039216937,3.915811564
Australia,3/1/05,-0.20,0.040548292,4.250468374
Australia,6/1/05,0.30,0.048747485,4.585125184
Australia,9/1/05,0.10,0.050619175,4.919781994
Australia,12/1/05,0.40,0.056925188,5.254438804
Australia,3/1/06,-0.40,0.047137955,5.067123437
Australia,6/1/06,-1.70,0.032273982,4.87980807
Australia,9/1/06,-0.50,0.041657473,4.692492704
Australia,12/1/06,0.10,0.046523716,4.505177337
Australia,3/1/07,2.20,0.069790729,4.767224597
Australia,6/1/07,2.80,0.078781085,5.029271857
Australia,9/1/07,1.00,0.063120802,5.291319118
Australia,12/1/07,-0.40,0.051882538,5.553366378
Australia,3/1/08,-2.70,0.032122212,5.866237786
Australia,6/1/08,-1.60,0.045828914,6.179109193
Australia,9/1/08,-0.80,0.057369272,6.491980601
Australia,12/1/08,-2.00,0.048395729,6.804852009
Australia,3/1/09,-1.50,0.038426813,5.379736006
Australia,6/1/09,-3.10,0.008374001,3.954620003
Australia,9/1/09,-4.30,-0.018034658,2.529504
Australia,12/1/09,-2.10,-0.009766059,1.104387997
Australia,3/1/10,-1.00,0.008457943,1.836545114
Australia,6/1/10,3.20,0.057207423,2.568702231
Australia,9/1/10,3.60,0.06863687,3.300859348
Australia,12/1/10,2.30,0.06288358,4.033016465
Australia,3/1/11,1.10,0.051371442,4.076257926
Australia,6/1/11,0.00,0.041286206,4.119499387
Australia,9/1/11,0.30,0.044657729,4.162740849
Australia,12/1/11,-0.90,0.032609652,4.20598231
Australia,3/1/12,0.10,0.033943531,3.325125594
Australia,6/1/12,0.30,0.027580509,2.444268879
Australia,9/1/12,-1.60,-0.000271632,1.563412163
Australia,12/1/12,-0.70,-0.000186616,0.682555448
Australia,3/1/13,-0.40,0.006277023,0.997948008
Australia,6/1/13,-1.10,0.001633461,1.313340569
Australia,9/1/13,-0.50,0.011561735,1.628733129
Australia,12/1/13,0.10,0.020238126,1.94412569
Australia,3/1/14,0.20,0.017146623,1.557105011
Australia,6/1/14,-0.90,0.003186277,1.170084332
Australia,9/1/14,-0.70,0.001290318,0.783063653
Australia,12/1/14,-0.70,-0.002935885,0.396042974
Australia,3/1/15,-0.30,0.000646441,0.375092443
Australia,6/1/15,-0.60,-0.002686223,0.354141912
Australia,9/1/15,0.50,0.00808718,0.333191382
Australia,12/1/15,-0.30,-0.000118395,0.312240851
Australia,3/1/16,-0.30,0.004462459,0.778530572
Australia,6/1/16,1.30,0.025270408,1.244820294
Australia,9/1/16,0.30,0.019850762,1.711110016
Australia,12/1/16,3.10,0.052874547,2.177399737
Australia,3/1/17,3.10,0.057290517,2.663138251
Australia,6/1/17,1.30,0.044573094,3.148876764
Australia,9/1/17,0.90,0.045659083,3.634615278
Australia,12/1/17,-2.60,0.015327352,4.120353791
Australia,3/1/18,-1.80,0.019430651,3.743113607
Australia,6/1/18,-0.40,0.029822712,3.365873424
Australia,9/1/18,0.30,0.032602721,2.98863324
Australia,12/1/18,1.00,0.035865084,2.611393056
Australia,3/1/19,#N/A,#N/A,2.672931632
Australia,6/1/19,#N/A,#N/A,2.734470207
Australia,9/1/19,#N/A,#N/A,2.796008782
Australia,12/1/19,#N/A,#N/A,2.857547357
Australia,3/1/20,#N/A,#N/A,#N/A
Australia,6/1/20,#N/A,#N/A,#N/A
Australia,9/1/20,#N/A,#N/A,#N/A
Australia,12/1/20,#N/A,#N/A,#N/A
Austria,3/1/99,#N/A,#N/A,#N/A
Austria,6/1/99,#N/A,#N/A,#N/A
Austria,9/1/99,#N/A,#N/A,#N/A
Austria,12/1/99,#N/A,#N/A,#N/A
Austria,3/1/00,#N/A,0.038609221,#N/A
Austria,6/1/00,#N/A,0.028140823,#N/A
Austria,9/1/00,#N/A,0.012665267,#N/A
Austria,12/1/00,#N/A,0.016924686,#N/A
Austria,3/1/01,0.30,0.020292805,1.772815541
Austria,6/1/01,-1.50,0.002406574,1.772815541
Austria,9/1/01,-1.80,-0.000649309,1.772815541
Austria,12/1/01,-1.60,0.002215299,1.772815541
Austria,3/1/02,-1.60,0.001432461,1.708259145
Austria,6/1/02,-0.70,0.009901247,1.64370275
Austria,9/1/02,0.50,0.02071112,1.579146354
Austria,12/1/02,-0.80,0.007228717,1.514589958
Austria,3/1/03,-1.00,0.007721023,1.754912982
Austria,6/1/03,-1.10,0.008691026,1.995236005
Austria,9/1/03,-1.60,0.006621076,2.235559029
Austria,12/1/03,-1.20,0.012778971,2.475882053
Austria,3/1/04,0.30,0.02630742,2.357989198
Austria,6/1/04,0.00,0.022784525,2.240096343
Austria,9/1/04,0.60,0.027093522,2.122203488
Austria,12/1/04,0.00,0.019969095,2.004310633
Austria,3/1/05,-1.10,0.009813703,2.130009861
Austria,6/1/05,0.50,0.027309728,2.255709088
Austria,9/1/05,-0.20,0.022182371,2.381408316
Austria,12/1/05,1.40,0.039365704,2.507107544
Austria,3/1/06,2.20,0.045584344,2.39794384
Austria,6/1/06,0.50,0.02817363,2.288780136
Austria,9/1/06,1.50,0.036976747,2.179616433
Austria,12/1/06,2.50,0.045716708,2.070452729
Austria,3/1/07,2.40,0.044556416,2.060444744
Austria,6/1/07,2.30,0.043371039,2.050436758
Austria,9/1/07,1.60,0.03631293,2.040428773
Austria,12/1/07,0.70,0.027389489,2.030420787
Austria,3/1/08,1.00,0.025727103,1.538163316
Austria,6/1/08,-0.30,0.007140367,1.045905846
Austria,9/1/08,-1.30,-0.007378994,0.553648375
Austria,12/1/08,-1.50,-0.013978124,0.061390905
Austria,3/1/09,-4.90,-0.044264916,0.466375105
Austria,6/1/09,-5.20,-0.042942185,0.871359306
Austria,9/1/09,-2.70,-0.014307772,1.276343507
Austria,12/1/09,-1.40,0.002580005,1.681327707
Austria,3/1/10,-1.90,-0.004534588,1.410285712
Austria,6/1/10,0.10,0.011987441,1.139243717
Austria,9/1/10,1.00,0.01874771,0.868201721
Austria,12/1/10,0.30,0.008686326,0.597159726
Austria,3/1/11,3.60,0.03949434,0.306280398
Austria,6/1/11,2.40,0.023720101,0.01540107
Austria,9/1/11,0.70,0.004642889,-0.275478258
Austria,12/1/11,0.00,-0.005879315,-0.566357586
Austria,3/1/12,0.80,0.005739114,-0.230793811
Austria,6/1/12,-0.20,-0.000501591,0.104769964
Austria,9/1/12,-0.50,-0.000506939,0.440333738
Austria,12/1/12,-0.20,0.005454416,0.775897513
Austria,3/1/13,-1.90,-0.011660532,0.756965717
Austria,6/1/13,-1.10,-0.003689445,0.738033922
Austria,9/1/13,-0.60,0.00124285,0.719102127
Austria,12/1/13,-0.70,0.000208165,0.700170332
Austria,3/1/14,-0.10,0.009928732,1.102138707
Austria,6/1/14,-0.20,0.012565876,1.504107082
Austria,9/1/14,-1.00,0.009527467,1.906075458
Austria,12/1/14,-0.60,0.016832807,2.308043833
Austria,3/1/15,-0.40,0.019869074,2.408907452
Austria,6/1/15,-0.40,0.021261718,2.509771071
Austria,9/1/15,0.30,0.028716967,2.61063469
Austria,12/1/15,0.00,0.026638208,2.71149831
Austria,3/1/16,1.30,0.038080737,2.492155188
Austria,6/1/16,0.90,0.03147126,2.272812067
Austria,9/1/16,0.20,0.02295157,2.053468946
Austria,12/1/16,0.50,0.022893215,1.834125825
Austria,3/1/17,0.20,0.017526787,1.521768242
Austria,6/1/17,0.60,0.018114163,1.209410659
Austria,9/1/17,0.70,0.015860766,0.897053076
Austria,12/1/17,0.40,0.009789272,0.584695493
Austria,3/1/18,2.50,0.032317495,0.758094704
Austria,6/1/18,1.00,0.01897094,0.931493915
Austria,9/1/18,0.10,0.01194241,1.104893126
Austria,12/1/18,0.90,0.022006786,1.278292337
Austria,3/1/19,0.50,0.019520512,1.403711046
Austria,6/1/19,0.30,0.017801269,1.529129755
Austria,9/1/19,0.20,0.018298615,1.654548465
Austria,12/1/19,-0.30,0.014648664,1.779967174
Austria,3/1/20,#N/A,#N/A,#N/A
Austria,6/1/20,#N/A,#N/A,#N/A
Austria,9/1/20,#N/A,#N/A,#N/A
Austria,12/1/20,#N/A,#N/A,#N/A
Belgium,3/1/99,#N/A,#N/A,#N/A
Belgium,6/1/99,#N/A,#N/A,#N/A
Belgium,9/1/99,#N/A,#N/A,#N/A
Belgium,12/1/99,#N/A,#N/A,#N/A
Belgium,3/1/00,#N/A,0.041629158,#N/A
Belgium,6/1/00,#N/A,0.038497947,#N/A
Belgium,9/1/00,#N/A,0.024060689,#N/A
Belgium,12/1/00,#N/A,0.0236346,#N/A
Belgium,3/1/01,-0.50,0.012765543,1.811864182
Belgium,6/1/01,-0.80,0.010383238,1.811864182
Belgium,9/1/01,-1.30,0.005310496,1.811864182
Belgium,12/1/01,-2.10,-0.00298138,1.811864182
Belgium,3/1/02,-1.70,0.002566152,1.928532945
Belgium,6/1/02,-0.60,0.014842669,2.045201708
Belgium,9/1/02,0.00,0.021637345,2.16187047
Belgium,12/1/02,0.60,0.028663786,2.278539233
Belgium,3/1/03,-0.90,0.014631554,2.364012839
Belgium,6/1/03,-1.20,0.012934264,2.449486445
Belgium,9/1/03,-1.60,0.009779173,2.534960051
Belgium,12/1/03,-1.20,0.014472411,2.620433657
Belgium,3/1/04,1.20,0.037548572,2.562401692
Belgium,6/1/04,0.50,0.030039222,2.504369728
Belgium,9/1/04,1.20,0.036802471,2.446337763
Belgium,12/1/04,0.70,0.031029371,2.388305799
Belgium,3/1/05,-0.80,0.014794831,2.245688534
Belgium,6/1/05,-0.30,0.017865005,2.103071269
Belgium,9/1/05,-1.00,0.009334925,1.960454004
Belgium,12/1/05,0.40,0.0226326,1.81783674
Belgium,3/1/06,1.10,0.029032758,1.839792794
Belgium,6/1/06,0.60,0.024912281,1.861748848
Belgium,9/1/06,1.50,0.033684836,1.883704902
Belgium,12/1/06,1.50,0.033651579,1.905660956
Belgium,3/1/07,2.30,0.042425713,1.925041955
Belgium,6/1/07,2.80,0.047742758,1.944422955
Belgium,9/1/07,2.30,0.042350768,1.963803955
Belgium,12/1/07,0.00,0.019859094,1.983184955
Belgium,3/1/08,-1.60,-0.003577976,1.197535362
Belgium,6/1/08,-1.60,-0.012374717,0.411885769
Belgium,9/1/08,-2.30,-0.026858395,-0.373763825
Belgium,12/1/08,-2.50,-0.036996391,-1.159413418
Belgium,3/1/09,-3.70,-0.041767883,-0.437436046
Belgium,6/1/09,-4.00,-0.036846706,0.284541325
Belgium,9/1/09,-1.30,-0.00278709,1.006518697
Belgium,12/1/09,0.60,0.023278834,1.728496068
Belgium,3/1/10,1.10,0.026189224,1.532015572
Belgium,6/1/10,2.30,0.036143824,1.335535075
Belgium,9/1/10,0.90,0.020565483,1.139054578
Belgium,12/1/10,1.00,0.019254419,0.942574082
Belgium,3/1/11,0.90,0.015259556,0.628715868
Belgium,6/1/11,-0.50,-0.001568828,0.314857655
Belgium,9/1/11,-0.60,-0.00620871,0.000999442
Belgium,12/1/11,-0.30,-0.006524546,-0.312858771
Belgium,3/1/12,-0.20,-0.003281016,-0.109348766
Belgium,6/1/12,0.10,0.002368518,0.09416124
Belgium,9/1/12,-0.40,-0.00066105,0.297671246
Belgium,12/1/12,-0.80,-0.00296175,0.501181252
Belgium,3/1/13,-0.70,-0.001762501,0.570978525
Belgium,6/1/13,-0.10,0.00554407,0.640775798
Belgium,9/1/13,-0.10,0.005839698,0.710573071
Belgium,12/1/13,0.70,0.014577125,0.780370344
Belgium,3/1/14,0.60,0.014968444,0.919556605
Belgium,6/1/14,0.40,0.014543052,1.058742865
Belgium,9/1/14,1.80,0.03024103,1.197929126
Belgium,12/1/14,1.60,0.029553405,1.337115387
Belgium,3/1/15,2.10,0.03533556,1.39014957
Belgium,6/1/15,1.90,0.033407367,1.443183753
Belgium,9/1/15,0.90,0.024347436,1.496217936
Belgium,12/1/15,0.40,0.01969307,1.549252119
Belgium,3/1/16,-1.00,0.004575796,1.445473378
Belgium,6/1/16,0.40,0.017300489,1.341694637
Belgium,9/1/16,0.00,0.012240967,1.237915895
Belgium,12/1/16,0.50,0.016563701,1.134137154
Belgium,3/1/17,1.30,0.02324624,1.030228289
Belgium,6/1/17,0.60,0.015109011,0.926319424
Belgium,9/1/17,0.20,0.010699379,0.822410559
Belgium,12/1/17,0.70,0.013722859,0.718501694
Belgium,3/1/18,0.40,0.010126864,0.584766721
Belgium,6/1/18,0.60,0.010849506,0.451031747
Belgium,9/1/18,0.20,0.005663981,0.317296774
Belgium,12/1/18,0.90,0.010487251,0.183561801
Belgium,3/1/19,0.40,0.008479619,0.419464504
Belgium,6/1/19,0.40,0.010111426,0.655367208
Belgium,9/1/19,1.20,0.021199483,0.891269911
Belgium,12/1/19,#N/A,#N/A,1.127172615
Belgium,3/1/20,#N/A,#N/A,#N/A
Belgium,6/1/20,#N/A,#N/A,#N/A
Belgium,9/1/20,#N/A,#N/A,#N/A
Belgium,12/1/20,#N/A,#N/A,#N/A
Canada,3/1/99,#N/A,#N/A,#N/A
Canada,6/1/99,#N/A,#N/A,#N/A
Canada,9/1/99,#N/A,#N/A,#N/A
Canada,12/1/99,#N/A,#N/A,#N/A
Canada,3/1/00,#N/A,0.073083006,#N/A
Canada,6/1/00,#N/A,0.080230737,#N/A
Canada,9/1/00,#N/A,0.067254157,#N/A
Canada,12/1/00,#N/A,0.053816285,#N/A
Canada,3/1/01,1.80,0.046296543,2.800780421
Canada,6/1/01,-1.80,0.010298936,2.800780421
Canada,9/1/01,-4.00,-0.012257048,2.800780421
Canada,12/1/01,-3.10,-0.003161329,2.800780421
Canada,3/1/02,-3.70,-0.010921951,2.604265534
Canada,6/1/02,-0.40,0.020317741,2.407750646
Canada,9/1/02,1.20,0.034154833,2.211235759
Canada,12/1/02,1.40,0.034018166,2.014720871
Canada,3/1/03,1.30,0.035474049,2.230310081
Canada,6/1/03,-1.20,0.012179366,2.445899291
Canada,9/1/03,-0.20,0.024180849,2.6614885
Canada,12/1/03,-0.70,0.021734456,2.87707771
Canada,3/1/04,-0.20,0.028671812,3.080999513
Canada,6/1/04,1.30,0.046055443,3.284921316
Canada,9/1/04,1.90,0.05354062,3.488843119
Canada,12/1/04,1.40,0.050572991,3.692764922
Canada,3/1/05,1.10,0.046279451,3.550811067
Canada,6/1/05,0.30,0.037069008,3.408857211
Canada,9/1/05,0.10,0.034151368,3.266903355
Canada,12/1/05,1.60,0.047526121,3.124949499
Canada,3/1/06,0.80,0.038368801,3.027457995
Canada,6/1/06,0.70,0.036614965,2.929966491
Canada,9/1/06,0.30,0.030979019,2.832474986
Canada,12/1/06,-0.40,0.023714048,2.734983482
Canada,3/1/07,-0.10,0.027210702,2.797491644
Canada,6/1/07,0.30,0.031796913,2.859999805
Canada,9/1/07,0.80,0.037091382,2.922507966
Canada,12/1/07,0.20,0.031735793,2.985016128
Canada,3/1/08,0.00,0.030714002,3.083517709
Canada,6/1/08,-0.40,0.02741201,3.182019289
Canada,9/1/08,1.20,0.04512988,3.28052087
Canada,12/1/08,-3.40,0.000191798,3.379022451
Canada,3/1/09,-7.20,-0.049340694,2.224271535
Canada,6/1/09,-8.20,-0.070950022,1.069520618
Canada,9/1/09,-7.10,-0.072115517,-0.085230298
Canada,12/1/09,-1.10,-0.023835739,-1.239981214
Canada,3/1/10,3.10,0.02777178,-0.361036071
Canada,6/1/10,4.50,0.050313498,0.517909073
Canada,9/1/10,2.50,0.039404621,1.396854217
Canada,12/1/10,2.60,0.048634187,2.27579936
Canada,3/1/11,1.60,0.038097012,2.247230205
Canada,6/1/11,0.50,0.026999221,2.218661049
Canada,9/1/11,1.70,0.039369676,2.190091893
Canada,12/1/11,1.30,0.034258685,2.161522738
Canada,3/1/12,-0.80,0.013705581,2.16415345
Canada,6/1/12,-0.50,0.017028748,2.166784161
Canada,9/1/12,-0.70,0.014778201,2.169414873
Canada,12/1/12,-0.80,0.013565644,2.172045585
Canada,3/1/13,-1.00,0.014620943,2.448621377
Canada,6/1/13,-0.50,0.022260319,2.725197169
Canada,9/1/13,1.60,0.045806869,3.001772961
Canada,12/1/13,0.80,0.040744413,3.278348753
Canada,3/1/14,1.00,0.040355491,3.057947303
Canada,6/1/14,1.10,0.038961898,2.837545852
Canada,9/1/14,-0.10,0.025438185,2.617144402
Canada,12/1/14,-1.10,0.013292057,2.396742951
Canada,3/1/15,-1.80,1.34747E-05,1.775481429
Canada,6/1/15,-2.40,-0.012947225,1.154219908
Canada,9/1/15,-2.30,-0.017323357,0.532958386
Canada,12/1/15,-2.10,-0.021905474,-0.088303136
Canada,3/1/16,-0.90,-0.008032608,0.13802174
Canada,6/1/16,-1.10,-0.007120387,0.364346615
Canada,9/1/16,0.00,0.005646914,0.590671491
Canada,12/1/16,1.90,0.026756623,0.816996366
Canada,3/1/17,1.90,0.031219349,1.1736222
Canada,6/1/17,4.00,0.055288371,1.530248035
Canada,9/1/17,2.20,0.040678418,1.886873869
Canada,12/1/17,0.80,0.030377492,2.243499703
Canada,3/1/18,0.40,0.023245995,1.950889526
Canada,6/1/18,-0.10,0.015198091,1.658279349
Canada,9/1/18,0.00,0.013798349,1.365669173
Canada,12/1/18,-0.90,0.001575455,1.073058996
Canada,3/1/19,-0.20,0.009400221,1.126678479
Canada,6/1/19,0.40,0.016128508,1.180297962
Canada,9/1/19,#N/A,#N/A,1.233917446
Canada,12/1/19,#N/A,#N/A,1.287536929
Canada,3/1/20,#N/A,#N/A,#N/A
Canada,6/1/20,#N/A,#N/A,#N/A
Canada,9/1/20,#N/A,#N/A,#N/A
Canada,12/1/20,#N/A,#N/A,#N/A
Cyprus,3/1/99,#N/A,#N/A,#N/A
Cyprus,6/1/99,#N/A,#N/A,#N/A
Cyprus,9/1/99,#N/A,#N/A,#N/A
Cyprus,12/1/99,#N/A,#N/A,#N/A
Cyprus,3/1/00,#N/A,0.067169258,#N/A
Cyprus,6/1/00,#N/A,0.07504032,#N/A
Cyprus,9/1/00,#N/A,0.02438292,#N/A
Cyprus,12/1/00,#N/A,0.018460454,#N/A
Cyprus,3/1/01,-1.20,0.044296838,5.67761221
Cyprus,6/1/01,-1.40,0.042651515,5.67761221
Cyprus,9/1/01,2.30,0.079674304,5.67761221
Cyprus,12/1/01,0.30,0.05967842,5.67761221
Cyprus,3/1/02,-2.00,0.026544195,4.666041728
Cyprus,6/1/02,-3.20,0.004653301,3.654471245
Cyprus,9/1/02,-4.60,-0.019554855,2.642900763
Cyprus,12/1/02,2.20,0.037972343,1.631330281
Cyprus,3/1/03,0.60,0.027206935,2.13560972
Cyprus,6/1/03,-1.00,0.016197965,2.639889159
Cyprus,9/1/03,1.00,0.041317412,3.144168597
Cyprus,12/1/03,3.20,0.068426697,3.648448036
Cyprus,3/1/04,3.70,0.076257981,3.926294232
Cyprus,6/1/04,0.80,0.049658739,4.204140429
Cyprus,9/1/04,2.40,0.069174783,4.481986625
Cyprus,12/1/04,-2.20,0.025811178,4.759832821
Cyprus,3/1/05,-0.40,0.042145296,4.60222823
Cyprus,6/1/05,1.50,0.059757433,4.444623638
Cyprus,9/1/05,0.30,0.046246744,4.287019047
Cyprus,12/1/05,-1.60,0.025031771,4.129414456
Cyprus,3/1/06,0.40,0.044212318,4.035885742
Cyprus,6/1/06,1.30,0.052896579,3.942357028
Cyprus,9/1/06,1.70,0.055977332,3.848828314
Cyprus,12/1/06,2.90,0.066857138,3.7552996
Cyprus,3/1/07,3.80,0.073692392,3.537345522
Cyprus,6/1/07,3.70,0.07066147,3.319391444
Cyprus,9/1/07,3.90,0.069551403,3.101437366
Cyprus,12/1/07,3.40,0.062491274,2.883483289
Cyprus,3/1/08,2.70,0.052598775,2.591746628
Cyprus,6/1/08,2.30,0.045952536,2.300009966
Cyprus,9/1/08,1.40,0.03420793,2.008273305
Cyprus,12/1/08,0.00,0.017136127,1.716536644
Cyprus,3/1/09,-3.30,-0.017412584,1.60254901
Cyprus,6/1/09,-4.60,-0.031338128,1.488561375
Cyprus,9/1/09,-4.00,-0.025959567,1.37457374
Cyprus,12/1/09,-2.00,-0.007648411,1.260586106
Cyprus,3/1/10,-0.50,0.005992822,1.073402045
Cyprus,6/1/10,0.80,0.016965913,0.886217983
Cyprus,9/1/10,1.00,0.016756104,0.699033922
Cyprus,12/1/10,1.30,0.018433706,0.511849861
Cyprus,3/1/11,-0.40,-0.002993728,0.107382083
Cyprus,6/1/11,-0.50,-0.007688974,-0.297085696
Cyprus,9/1/11,-1.40,-0.020807402,-0.701553474
Cyprus,12/1/11,-0.60,-0.016828027,-1.106021253
Cyprus,3/1/12,-2.70,-0.036885931,-1.026634549
Cyprus,6/1/12,-3.50,-0.044886459,-0.947247845
Cyprus,9/1/12,-2.70,-0.035902635,-0.867861141
Cyprus,12/1/12,-3.90,-0.046768519,-0.788474437
Cyprus,3/1/13,-9.10,-0.099562736,-0.864662983
Cyprus,6/1/13,-4.10,-0.050639407,-0.94085153
Cyprus,9/1/13,-5.20,-0.062414769,-1.017040076
Cyprus,12/1/13,-5.90,-0.070294519,-1.093228622
Cyprus,3/1/14,0.30,-0.006858513,-0.95751236
Cyprus,6/1/14,-3.00,-0.03811253,-0.821796099
Cyprus,9/1/14,-0.80,-0.014397197,-0.686079837
Cyprus,12/1/14,-1.20,-0.017432243,-0.550363576
Cyprus,3/1/15,2.10,0.020542973,-0.025322483
Cyprus,6/1/15,3.80,0.042716122,0.49971861
Cyprus,9/1/15,3.80,0.047904215,1.024759703
Cyprus,12/1/15,5.70,0.072201477,1.549800796
Cyprus,3/1/16,5.20,0.069507527,1.717292078
Cyprus,6/1/16,5.50,0.07350883,1.884783359
Cyprus,9/1/16,5.10,0.071082114,2.052274641
Cyprus,12/1/16,5.80,0.080584783,2.219765922
Cyprus,3/1/17,2.90,0.053433123,2.428759599
Cyprus,6/1/17,2.80,0.05474225,2.637753276
Cyprus,9/1/17,4.00,0.068512319,2.846746952
Cyprus,12/1/17,1.80,0.04899803,3.055740629
Cyprus,3/1/18,3.80,0.069286953,3.09333489
Cyprus,6/1/18,3.70,0.068703342,3.130929151
Cyprus,9/1/18,-1.50,0.016311913,3.168523412
Cyprus,12/1/18,-2.40,0.007717845,3.206117673
Cyprus,3/1/19,-0.70,0.023851879,3.132192259
Cyprus,6/1/19,-0.50,0.025200799,3.058266846
Cyprus,9/1/19,#N/A,#N/A,2.984341433
Cyprus,12/1/19,#N/A,#N/A,2.910416019
Cyprus,3/1/20,#N/A,#N/A,#N/A
Cyprus,6/1/20,#N/A,#N/A,#N/A
Cyprus,9/1/20,#N/A,#N/A,#N/A
Cyprus,12/1/20,#N/A,#N/A,#N/A
Denmark,3/1/99,#N/A,#N/A,#N/A
Denmark,6/1/99,#N/A,#N/A,#N/A
Denmark,9/1/99,#N/A,#N/A,#N/A
Denmark,12/1/99,#N/A,#N/A,#N/A
Denmark,3/1/00,#N/A,0.03728305,#N/A
Denmark,6/1/00,#N/A,0.032593757,#N/A
Denmark,9/1/00,#N/A,0.039439613,#N/A
Denmark,12/1/00,#N/A,0.045001688,#N/A
Denmark,3/1/01,-0.70,0.015273229,2.22738208
Denmark,6/1/01,-1.20,0.009789535,2.22738208
Denmark,9/1/01,-0.70,0.015505521,2.22738208
Denmark,12/1/01,-2.20,0.000527658,2.22738208
Denmark,3/1/02,-2.10,0.000266868,2.106831886
Denmark,6/1/02,-0.50,0.014861118,1.986281693
Denmark,9/1/02,-1.40,0.004956359,1.8657315
Denmark,12/1/02,-2.20,-0.004206849,1.745181307
Denmark,3/1/03,-1.50,0.000668947,1.594768164
Denmark,6/1/03,-3.20,-0.01757934,1.44435502
Denmark,9/1/03,-1.80,-0.005093995,1.293941877
Denmark,12/1/03,0.30,0.014284832,1.143528733
Denmark,3/1/04,1.30,0.028515518,1.522834701
Denmark,6/1/04,2.10,0.040496479,1.902140669
Denmark,9/1/04,1.70,0.039936022,2.281446637
Denmark,12/1/04,0.90,0.03564739,2.660752605
Denmark,3/1/05,-0.50,0.021128061,2.624947986
Denmark,6/1/05,2.50,0.050854007,2.589143368
Denmark,9/1/05,1.20,0.037156328,2.553338749
Denmark,12/1/05,0.20,0.027589904,2.517534131
Denmark,3/1/06,2.80,0.050353655,2.226727203
Denmark,6/1/06,2.50,0.044790783,1.935920274
Denmark,9/1/06,2.90,0.045026784,1.645113346
Denmark,12/1/06,1.00,0.024042257,1.354306418
Denmark,3/1/07,0.80,0.021954032,1.420764147
Denmark,6/1/07,-2.10,-0.00570826,1.487221877
Denmark,9/1/07,0.00,0.015184005,1.553679606
Denmark,12/1/07,1.80,0.034190403,1.620137335
Denmark,3/1/08,-0.60,0.009372912,1.491634097
Denmark,6/1/08,0.80,0.021597563,1.363130858
Denmark,9/1/08,-0.50,0.007819249,1.23462762
Denmark,12/1/08,-4.10,-0.029522151,1.106124381
Denmark,3/1/09,-5.30,-0.044549991,0.811033169
Denmark,6/1/09,-8.20,-0.07705697,0.515941956
Denmark,9/1/09,-6.70,-0.064471026,0.220850743
Denmark,12/1/09,-3.80,-0.038716231,-0.074240469
Denmark,3/1/10,-0.10,0.002236209,0.322450368
Denmark,6/1/10,3.60,0.042876097,0.719141206
Denmark,9/1/10,2.60,0.037167137,1.115832043
Denmark,12/1/10,1.30,0.028322659,1.512522881
Denmark,3/1/11,0.90,0.017123789,0.802655921
Denmark,6/1/11,-0.50,-0.00381942,0.092788962
Denmark,9/1/11,-1.90,-0.024717534,-0.617077997
Denmark,12/1/11,-0.40,-0.01707215,-1.326944956
Denmark,3/1/12,-0.10,-0.009255384,-0.790813294
Denmark,6/1/12,0.40,0.001757577,-0.254681632
Denmark,9/1/12,1.10,0.013546853,0.28145003
Denmark,12/1/12,-0.60,0.002090182,0.817581692
Denmark,3/1/13,-0.70,0.002877306,0.956427015
Denmark,6/1/13,0.10,0.01207065,1.095272338
Denmark,9/1/13,0.00,0.011873263,1.234117661
Denmark,12/1/13,0.10,0.014276256,1.372962983
Denmark,3/1/14,1.20,0.026790047,1.477454021
Denmark,6/1/14,-0.60,0.009650186,1.58194506
Denmark,9/1/14,0.10,0.017982906,1.686436098
Denmark,12/1/14,1.20,0.029423989,1.790927136
Denmark,3/1/15,1.30,0.031144914,1.796311787
Denmark,6/1/15,1.30,0.030785587,1.801696438
Denmark,9/1/15,0.10,0.018586169,1.807081089
Denmark,12/1/15,-0.50,0.013001649,1.81246574
Denmark,3/1/16,-0.40,0.014898013,1.885213664
Denmark,6/1/16,1.90,0.038675993,1.957961589
Denmark,9/1/16,0.90,0.029220505,2.030709514
Denmark,12/1/16,2.50,0.046340195,2.103457439
Denmark,3/1/17,1.50,0.03540041,2.063138487
Denmark,6/1/17,0.60,0.025779099,2.022819535
Denmark,9/1/17,-0.80,0.011871672,1.982500583
Denmark,12/1/17,-1.10,0.008819963,1.942181631
Denmark,3/1/18,-1.10,0.008491259,1.904577423
Denmark,6/1/18,-0.10,0.017782247,1.866973215
Denmark,9/1/18,1.60,0.034400105,1.829369007
Denmark,12/1/18,1.80,0.03565449,1.791764799
Denmark,3/1/19,0.50,0.02512414,2.033006934
Denmark,6/1/19,-0.20,0.020454283,2.274249069
Denmark,9/1/19,0.10,0.026356051,2.515491204
Denmark,12/1/19,#N/A,#N/A,2.756733338
Denmark,3/1/20,#N/A,#N/A,#N/A
Denmark,6/1/20,#N/A,#N/A,#N/A
Denmark,9/1/20,#N/A,#N/A,#N/A
Denmark,12/1/20,#N/A,#N/A,#N/A
Estonia,3/1/99,#N/A,#N/A,#N/A
Estonia,6/1/99,#N/A,#N/A,#N/A
Estonia,9/1/99,#N/A,#N/A,#N/A
Estonia,12/1/99,#N/A,#N/A,#N/A
Estonia,3/1/00,#N/A,0.102395175,#N/A
Estonia,6/1/00,#N/A,0.09749067,#N/A
Estonia,9/1/00,#N/A,0.077301371,#N/A
Estonia,12/1/00,#N/A,0.112888128,#N/A
Estonia,3/1/01,-0.20,0.064812644,6.649778388
Estonia,6/1/01,-0.10,0.065436555,6.649778388
Estonia,9/1/01,0.70,0.07307472,6.649778388
Estonia,12/1/01,1.00,0.076365777,6.649778388
Estonia,3/1/02,0.50,0.075161886,7.005376519
Estonia,6/1/02,0.60,0.079173188,7.360974651
Estonia,9/1/02,1.80,0.095494651,7.716572783
Estonia,12/1/02,-0.60,0.074284006,8.072170914
Estonia,3/1/03,2.80,0.11183226,8.385719895
Estonia,6/1/03,1.30,0.100171638,8.699268875
Estonia,9/1/03,1.10,0.1012796,9.012817855
Estonia,12/1/03,0.70,0.100537849,9.326366835
Estonia,3/1/04,5.30,0.141937308,8.932652716
Estonia,6/1/04,-4.70,0.038200677,8.538938597
Estonia,9/1/04,0.90,0.090722546,8.145224477
Estonia,12/1/04,-0.60,0.071856083,7.751510358
Estonia,3/1/05,-2.80,0.049338421,7.692996586
Estonia,6/1/05,7.20,0.147945979,7.634482814
Estonia,9/1/05,4.10,0.117182997,7.575969043
Estonia,12/1/05,6.30,0.138297461,7.517455271
Estonia,3/1/06,6.30,0.143415685,8.065761365
Estonia,6/1/06,4.40,0.129826966,8.614067459
Estonia,9/1/06,6.00,0.151461791,9.162373554
Estonia,12/1/06,5.80,0.155579833,9.710679648
Estonia,3/1/07,6.80,0.166076284,9.824338226
Estonia,6/1/07,6.00,0.159657693,9.937996804
Estonia,9/1/07,2.60,0.126229203,10.05165538
Estonia,12/1/07,-1.00,0.091715138,10.16531396
Estonia,3/1/08,-12.70,-0.052238836,7.442212929
Estonia,6/1/08,-8.40,-0.036981791,4.719111898
Estonia,9/1/08,-10.70,-0.08707489,1.996010867
Estonia,12/1/08,-13.30,-0.14058619,-0.727090164
Estonia,3/1/09,-13.10,-0.137855819,-0.708003004
Estonia,6/1/09,-16.90,-0.176303872,-0.688915845
Estonia,9/1/09,-16.20,-0.168269308,-0.669828685
Estonia,12/1/09,-8.70,-0.093330924,-0.650741525
Estonia,3/1/10,-3.40,-0.040261832,-0.666129546
Estonia,6/1/10,-0.50,-0.012048867,-0.681517567
Estonia,9/1/10,7.00,0.062605082,-0.696905588
Estonia,12/1/10,5.50,0.048211223,-0.71229361
Estonia,3/1/11,8.40,0.082092719,-0.212023903
Estonia,6/1/11,9.10,0.093768945,0.288245804
Estonia,9/1/11,7.00,0.077686409,0.788515511
Estonia,12/1/11,5.00,0.062871702,1.288785218
Estonia,3/1/12,2.80,0.040208851,1.20053513
Estonia,6/1/12,2.50,0.03641644,1.112285042
Estonia,9/1/12,1.70,0.027079135,1.024034953
Estonia,12/1/12,1.70,0.025890637,0.935784865
Estonia,3/1/13,2.70,0.04012797,1.34274312
Estonia,6/1/13,0.30,0.020205065,1.749701375
Estonia,9/1/13,0.20,0.023185074,2.15665963
Estonia,12/1/13,-0.30,0.022379108,2.563617886
Estonia,3/1/14,0.80,0.04064185,3.215862064
Estonia,6/1/14,1.90,0.057284649,3.868106243
Estonia,9/1/14,0.80,0.052965467,4.520350422
Estonia,12/1/14,4.20,0.093524614,5.172594601
Estonia,3/1/15,-1.50,0.032152461,4.729324212
Estonia,6/1/15,-0.80,0.034440153,4.286053822
Estonia,9/1/15,0.50,0.043636138,3.842783433
Estonia,12/1/15,-0.50,0.029183046,3.399513044
Estonia,3/1/16,2.60,0.057670782,3.196954962
Estonia,6/1/16,0.60,0.035752598,2.994396881
Estonia,9/1/16,-0.20,0.026004244,2.791838799
Estonia,12/1/16,2.40,0.049997436,2.589280718
Estonia,3/1/17,2.20,0.051496771,2.954576146
Estonia,6/1/17,4.60,0.079008398,3.319871575
Estonia,9/1/17,1.50,0.051601535,3.685167003
Estonia,12/1/17,1.60,0.056129817,4.050462432
Estonia,3/1/18,1.40,0.057761478,4.351445439
Estonia,6/1/18,0.80,0.05448571,4.652428446
Estonia,9/1/18,1.10,0.060421846,4.953411454
Estonia,12/1/18,0.90,0.061429779,5.254394461
Estonia,3/1/19,2.00,0.069552756,4.997365479
Estonia,6/1/19,0.30,0.050428525,4.740336497
Estonia,9/1/19,0.60,0.050338573,4.483307515
Estonia,12/1/19,#N/A,#N/A,4.226278532
Estonia,3/1/20,#N/A,#N/A,#N/A
Estonia,6/1/20,#N/A,#N/A,#N/A
Estonia,9/1/20,#N/A,#N/A,#N/A
Estonia,12/1/20,#N/A,#N/A,#N/A
Finland,3/1/99,#N/A,#N/A,#N/A
Finland,6/1/99,#N/A,#N/A,#N/A
Finland,9/1/99,#N/A,#N/A,#N/A
Finland,12/1/99,#N/A,#N/A,#N/A
Finland,3/1/00,#N/A,0.042503302,#N/A
Finland,6/1/00,#N/A,0.038638151,#N/A
Finland,9/1/00,#N/A,0.04656076,#N/A
Finland,12/1/00,#N/A,0.044994811,#N/A
Finland,3/1/01,1.30,0.056087533,4.337523115
Finland,6/1/01,-0.20,0.041483936,4.337523115
Finland,9/1/01,-1.40,0.029165234,4.337523115
Finland,12/1/01,-3.30,0.01047815,4.337523115
Finland,3/1/02,-4.60,-0.008171534,3.736125974
Finland,6/1/02,-1.10,0.020455688,3.134728833
Finland,9/1/02,-1.70,0.008209998,2.533331691
Finland,12/1/02,0.20,0.021415269,1.93193455
Finland,3/1/03,-1.50,0.002576333,1.786795909
Finland,6/1/03,-1.40,0.002359491,1.641657268
Finland,9/1/03,0.80,0.023389515,1.496518627
Finland,12/1/03,1.00,0.023751874,1.351379986
Finland,3/1/04,3.00,0.047369733,1.69563677
Finland,6/1/04,2.50,0.045656365,2.039893555
Finland,9/1/04,1.10,0.034796478,2.384150339
Finland,12/1/04,2.10,0.048601745,2.728407123
Finland,3/1/05,1.10,0.038946024,2.8175903
Finland,6/1/05,0.40,0.033013452,2.906773478
Finland,9/1/05,0.20,0.031842438,2.995956655
Finland,12/1/05,-1.00,0.021077945,3.085139833
Finland,3/1/06,1.30,0.041398949,2.810014547
Finland,6/1/06,0.10,0.026014025,2.534889262
Finland,9/1/06,0.90,0.031467466,2.259763976
Finland,12/1/06,1.60,0.035481443,1.984638691
Finland,3/1/07,2.50,0.04845598,2.356798433
Finland,6/1/07,3.20,0.059115626,2.728958175
Finland,9/1/07,2.40,0.054945089,3.101117917
Finland,12/1/07,2.40,0.058564959,3.473277659
Finland,3/1/08,-1.00,0.018241641,2.846717042
Finland,6/1/08,-0.90,0.01363743,2.220156424
Finland,9/1/08,-1.50,0.001435807,1.593595807
Finland,12/1/08,-4.70,-0.037726589,0.96703519
Finland,3/1/09,-7.90,-0.071322942,0.73760609
Finland,6/1/09,-8.30,-0.077875143,0.50817699
Finland,9/1/09,-6.90,-0.065775466,0.278747889
Finland,12/1/09,-4.30,-0.042624365,0.049318789
Finland,3/1/10,0.20,0.000306212,-0.196206763
Finland,6/1/10,3.60,0.031278786,-0.441732315
Finland,9/1/10,2.70,0.020582224,-0.687257867
Finland,12/1/10,4.60,0.03698891,-0.932783419
Finland,3/1/11,5.00,0.042178686,-0.777690585
Finland,6/1/11,2.20,0.01575302,-0.62259775
Finland,9/1/11,2.50,0.020135367,-0.467504916
Finland,12/1/11,-0.10,-0.004196677,-0.312412081
Finland,3/1/12,0.70,0.005005747,-0.163662988
Finland,6/1/12,-1.50,-0.014681032,-0.014913895
Finland,9/1/12,-2.00,-0.018516631,0.133835197
Finland,12/1/12,-2.30,-0.019969629,0.28258429
Finland,3/1/13,-2.60,-0.021488317,0.445814628
Finland,6/1/13,0.00,0.006507675,0.609044966
Finland,9/1/13,0.40,0.011873988,0.772275304
Finland,12/1/13,-0.10,0.008502942,0.935505641
Finland,3/1/14,-0.70,0.002828323,0.99232692
Finland,6/1/14,-1.10,-0.000529141,1.049148198
Finland,9/1/14,-1.00,0.001218254,1.105969477
Finland,12/1/14,-0.60,0.005325335,1.162790755
Finland,3/1/15,-0.10,0.015132065,1.612366148
Finland,6/1/15,0.70,0.028070747,2.061941541
Finland,9/1/15,-0.10,0.024153905,2.511516933
Finland,12/1/15,0.00,0.029806489,2.961092326
Finland,3/1/16,0.70,0.031278002,2.461381096
Finland,6/1/16,0.40,0.023193414,1.961669865
Finland,9/1/16,1.10,0.02582789,1.461958634
Finland,12/1/16,0.90,0.01831701,0.962247403
Finland,3/1/17,2.20,0.032882113,1.053068053
Finland,6/1/17,1.50,0.026629658,1.143888703
Finland,9/1/17,1.20,0.024831163,1.234709353
Finland,12/1/17,2.40,0.037231681,1.325530003
Finland,3/1/18,1.80,0.031857309,1.360831139
Finland,6/1/18,1.80,0.031879499,1.396132275
Finland,9/1/18,1.20,0.026125676,1.431433411
Finland,12/1/18,0.50,0.019811603,1.466734547
Finland,3/1/19,0.00,0.015935107,1.614762368
Finland,6/1/19,0.50,0.02219989,1.76279019
Finland,9/1/19,1.20,0.031158207,1.910818011
Finland,12/1/19,#N/A,#N/A,2.058845833
Finland,3/1/20,#N/A,#N/A,#N/A
Finland,6/1/20,#N/A,#N/A,#N/A
Finland,9/1/20,#N/A,#N/A,#N/A
Finland,12/1/20,#N/A,#N/A,#N/A
France,3/1/99,#N/A,#N/A,#N/A
France,6/1/99,#N/A,#N/A,#N/A
France,9/1/99,#N/A,#N/A,#N/A
France,12/1/99,#N/A,#N/A,#N/A
France,3/1/00,#N/A,0.043967043,#N/A
France,6/1/00,#N/A,0.039674018,#N/A
France,9/1/00,#N/A,0.033118993,#N/A
France,12/1/00,#N/A,0.035269931,#N/A
France,3/1/01,1.10,0.035265186,2.396198736
France,6/1/01,-0.50,0.019459583,2.396198736
France,9/1/01,-0.40,0.020164128,2.396198736
France,12/1/01,-0.40,0.019847914,2.396198736
France,3/1/02,-1.60,0.006675035,2.314612414
France,6/1/02,-0.60,0.016705808,2.233026093
France,9/1/02,-0.30,0.018962388,2.151439772
France,12/1/02,-1.20,0.00891846,2.069853451
France,3/1/03,-1.40,0.005495287,1.963458341
France,6/1/03,-1.90,-0.000850778,1.857063232
France,9/1/03,-1.10,0.006731759,1.750668123
France,12/1/03,-0.50,0.011889512,1.644273014
France,3/1/04,1.00,0.025617034,1.529753243
France,6/1/04,1.40,0.028484548,1.415233473
France,9/1/04,0.60,0.019011937,1.300713702
France,12/1/04,0.70,0.019337149,1.186193932
France,3/1/05,0.20,0.015593004,1.3558336
France,6/1/05,0.90,0.024621423,1.525473268
France,9/1/05,-0.30,0.014293114,1.695112936
France,12/1/05,0.10,0.019545447,1.864752604
France,3/1/06,0.30,0.02184466,1.838136237
France,6/1/06,0.70,0.024854716,1.811519869
France,9/1/06,1.20,0.030233634,1.784903501
France,12/1/06,2.30,0.040124098,1.758287133
France,3/1/07,1.90,0.037760684,1.887986344
France,6/1/07,1.60,0.035910057,2.017685556
France,9/1/07,2.10,0.042108111,2.147384767
France,12/1/07,0.20,0.024658069,2.277083978
France,3/1/08,-0.50,0.012150684,1.74215526
France,6/1/08,-0.60,0.005768958,1.207226542
France,9/1/08,-1.40,-0.007534265,0.672297824
France,12/1/08,-1.80,-0.01661851,0.137369106
France,3/1/09,-3.90,-0.036318639,0.236802659
France,6/1/09,-4.20,-0.038467753,0.336236211
France,9/1/09,-3.20,-0.028097055,0.435669763
France,12/1/09,-1.80,-0.013114624,0.535103315
France,3/1/10,-0.30,0.002106096,0.508043885
France,6/1/10,1.10,0.016148772,0.480984455
France,9/1/10,1.90,0.023357969,0.453925025
France,12/1/10,1.30,0.017708241,0.426865595
France,3/1/11,2.30,0.024970361,0.211571402
France,6/1/11,1.40,0.013549734,-0.00372279
France,9/1/11,0.70,0.004566287,-0.219016983
France,12/1/11,0.30,-0.001346642,-0.434311175
France,3/1/12,0.00,-0.003011572,-0.343440774
France,6/1/12,-0.60,-0.008355941,-0.252570373
France,9/1/12,-0.30,-0.004747508,-0.161699972
France,12/1/12,-0.20,-0.002464652,-0.070829571
France,3/1/13,-0.60,-0.005198665,0.10917748
France,6/1/13,0.50,0.008144967,0.28918453
France,9/1/13,0.20,0.006947111,0.46919158
France,12/1/13,0.30,0.009672163,0.649198631
France,3/1/14,0.30,0.010376455,0.72303766
France,6/1/14,-0.40,0.004129037,0.79687669
France,9/1/14,0.40,0.012337871,0.870715719
France,12/1/14,0.50,0.014217101,0.944554749
France,3/1/15,1.20,0.024617899,1.232453391
France,6/1/15,0.50,0.020265097,1.520352033
France,9/1/15,0.30,0.021443738,1.808250674
France,12/1/15,0.20,0.022673434,2.096149316
France,3/1/16,0.40,0.02286986,1.880531403
France,6/1/16,0.50,0.021819683,1.66491349
France,9/1/16,-0.80,0.006771894,1.449295577
France,12/1/16,-0.60,0.006257665,1.233677664
France,3/1/17,-0.40,0.007359905,1.099391894
France,6/1/17,0.40,0.013605685,0.965106124
France,9/1/17,1.50,0.02284962,0.830820354
France,12/1/17,1.60,0.023169484,0.696534584
France,3/1/18,0.80,0.013891767,0.609433503
France,6/1/18,-0.10,0.003973473,0.522332422
France,9/1/18,-0.20,0.002821687,0.435231341
France,12/1/18,0.30,0.006039442,0.348130259
France,3/1/19,0.50,0.01129727,0.675034906
France,6/1/19,0.90,0.019046572,1.001939552
France,9/1/19,0.90,0.022483078,1.328844199
France,12/1/19,-0.30,0.013170552,1.655748845
France,3/1/20,#N/A,#N/A,#N/A
France,6/1/20,#N/A,#N/A,#N/A
France,9/1/20,#N/A,#N/A,#N/A
France,12/1/20,#N/A,#N/A,#N/A
Germany,3/1/99,#N/A,#N/A,#N/A
Germany,6/1/99,#N/A,#N/A,#N/A
Germany,9/1/99,#N/A,#N/A,#N/A
Germany,12/1/99,#N/A,#N/A,#N/A
Germany,3/1/00,#N/A,0.022856645,#N/A
Germany,6/1/00,#N/A,0.018763303,#N/A
Germany,9/1/00,#N/A,0.007690991,#N/A
Germany,12/1/00,#N/A,-0.009591064,#N/A
Germany,3/1/01,0.60,0.012967976,0.674981941
Germany,6/1/01,-0.70,-0.000398968,0.674981941
Germany,9/1/01,0.10,0.00808197,0.674981941
Germany,12/1/01,1.30,0.019367391,0.674981941
Germany,3/1/02,-2.60,-0.018187868,0.758336327
Germany,6/1/02,-0.70,0.000977834,0.841690713
Germany,9/1/02,0.20,0.011540135,0.925045099
Germany,12/1/02,-1.40,-0.004013772,1.008399485
Germany,3/1/03,-1.40,-0.002853575,1.093612643
Germany,6/1/03,-1.60,-0.004561101,1.1788258
Germany,9/1/03,-1.80,-0.005710699,1.264038957
Germany,12/1/03,-1.70,-0.003605936,1.349252114
Germany,3/1/04,0.50,0.017594611,1.245450472
Germany,6/1/04,0.40,0.015408093,1.14164883
Germany,9/1/04,-1.50,-0.004403636,1.037847188
Germany,12/1/04,-1.20,-0.002658736,0.934045547
Germany,3/1/05,-2.10,-0.015332935,0.608215955
Germany,6/1/05,-0.10,0.001597909,0.282386363
Germany,9/1/05,-0.20,-0.002837012,-0.043443229
Germany,12/1/05,0.40,0.000126949,-0.369272821
Germany,3/1/06,3.00,0.02649314,-0.31288839
Germany,6/1/06,1.60,0.013055086,-0.256503959
Germany,9/1/06,2.60,0.023908412,-0.200119527
Germany,12/1/06,4.20,0.040624162,-0.143735096
Germany,3/1/07,3.90,0.039245721,-0.021358957
Germany,6/1/07,2.60,0.026597323,0.101017182
Germany,9/1/07,2.30,0.02536111,0.22339332
Germany,12/1/07,0.40,0.007608175,0.345769459
Germany,3/1/08,0.00,0.00053774,0.066977829
Germany,6/1/08,1.20,0.009570488,-0.211813801
Germany,9/1/08,-0.80,-0.012412223,-0.490605432
Germany,12/1/08,-1.80,-0.025663033,-0.769397062
Germany,3/1/09,-5.80,-0.059127609,-0.139649048
Germany,6/1/09,-7.10,-0.06599212,0.490098966
Germany,9/1/09,-4.40,-0.033191743,1.11984698
Germany,12/1/09,-3.00,-0.012303269,1.749594994
Germany,3/1/10,1.40,0.029626683,1.574752387
Germany,6/1/10,2.50,0.03891003,1.39990978
Germany,9/1/10,2.90,0.041187493,1.225067172
Germany,12/1/10,2.80,0.038105817,1.050224565
Germany,3/1/11,4.10,0.049102903,0.803107729
Germany,6/1/11,2.60,0.031812145,0.555990893
Germany,9/1/11,2.20,0.024934528,0.308874057
Germany,12/1/11,1.10,0.011757712,0.061757221
Germany,3/1/12,0.60,0.008029497,0.169565217
Germany,6/1/12,-0.40,-0.000921628,0.277373213
Germany,9/1/12,-0.80,-0.00449544,0.38518121
Germany,12/1/12,-1.10,-0.005684804,0.492989206
Germany,3/1/13,-1.70,-0.009640662,0.744841253
Germany,6/1/13,0.60,0.01565264,0.996693299
Germany,9/1/13,0.20,0.014834103,1.248545346
Germany,12/1/13,-0.10,0.014431313,1.500397393
Germany,3/1/14,1.90,0.037813621,1.851369719
Germany,6/1/14,0.20,0.024242695,2.202342046
Germany,9/1/14,0.20,0.027732568,2.553314372
Germany,12/1/14,0.90,0.038117989,2.904286698
Germany,3/1/15,0.20,0.030288025,2.875960667
Germany,6/1/15,-0.20,0.026632061,2.847634635
Germany,9/1/15,-0.10,0.027651158,2.819308604
Germany,12/1/15,0.60,0.034350767,2.790982572
Germany,3/1/16,0.10,0.029525372,2.829810205
Germany,6/1/16,1.80,0.047169467,2.868637839
Germany,9/1/16,-0.50,0.024172687,2.907465472
Germany,12/1/16,-1.30,0.016849336,2.946293106
Germany,3/1/17,0.00,0.024683888,2.480331535
Germany,6/1/17,-1.30,0.00665888,2.014369964
Germany,9/1/17,0.60,0.021202763,1.548408393
Germany,12/1/17,1.60,0.027292722,1.082446822
Germany,3/1/18,0.80,0.018686444,1.085699675
Germany,6/1/18,1.10,0.021925868,1.088952529
Germany,9/1/18,-0.70,0.003739535,1.092205383
Germany,12/1/18,-0.30,0.008397324,1.095458237
Germany,3/1/19,0.30,0.015857677,1.292718924
Germany,6/1/19,-1.10,0.003974012,1.489979611
Germany,9/1/19,0.10,0.017395811,1.687240298
Germany,12/1/19,-0.50,0.013554277,1.884500986
Germany,3/1/20,#N/A,#N/A,#N/A
Germany,6/1/20,#N/A,#N/A,#N/A
Germany,9/1/20,#N/A,#N/A,#N/A
Germany,12/1/20,#N/A,#N/A,#N/A
Greece,3/1/99,#N/A,#N/A,#N/A
Greece,6/1/99,#N/A,#N/A,#N/A
Greece,9/1/99,#N/A,#N/A,#N/A
Greece,12/1/99,#N/A,#N/A,#N/A
Greece,3/1/00,#N/A,0.043389784,#N/A
Greece,6/1/00,#N/A,0.034962899,#N/A
Greece,9/1/00,#N/A,0.029920872,#N/A
Greece,12/1/00,#N/A,-0.009723134,#N/A
Greece,3/1/01,2.60,0.052011459,2.58609089
Greece,6/1/01,0.90,0.035280355,2.58609089
Greece,9/1/01,1.40,0.03946745,2.58609089
Greece,12/1/01,1.80,0.043388,2.58609089
Greece,3/1/02,-0.40,0.023618222,2.774713053
Greece,6/1/02,1.90,0.048891854,2.963335217
Greece,9/1/02,-0.50,0.026996096,3.151957381
Greece,12/1/02,1.20,0.045787783,3.340579544
Greece,3/1/03,1.30,0.049816698,3.719391492
Greece,6/1/03,0.90,0.050362422,4.09820344
Greece,9/1/03,2.10,0.066195821,4.477015388
Greece,12/1/03,1.30,0.06141432,4.855827336
Greece,3/1/04,2.20,0.068744422,4.655575883
Greece,6/1/04,2.10,0.065630315,4.45532443
Greece,9/1/04,1.60,0.058622901,4.255072977
Greece,12/1/04,-2.10,0.019838181,4.054821524
Greece,3/1/05,-4.80,-0.013990824,3.448207546
Greece,6/1/05,-2.90,-0.000103941,2.841593569
Greece,9/1/05,-4.20,-0.019553629,2.234979592
Greece,12/1/05,-1.00,0.006239544,1.628365614
Greece,3/1/06,4.20,0.060887915,1.88166262
Greece,6/1/06,4.20,0.063741797,2.134959625
Greece,9/1/06,2.10,0.044761095,2.38825663
Greece,12/1/06,4.30,0.069287058,2.641553636
Greece,3/1/07,0.10,0.027142595,2.601422004
Greece,6/1/07,2.80,0.053535322,2.561290372
Greece,9/1/07,1.90,0.043887018,2.52115874
Greece,12/1/07,0.20,0.026996209,2.481027108
Greece,3/1/08,-0.70,0.014492665,2.146240246
Greece,6/1/08,-2.40,-0.00633472,1.811453384
Greece,9/1/08,-1.00,0.005016242,1.476666522
Greece,12/1/08,-2.80,-0.016934155,1.141879661
Greece,3/1/09,-7.00,-0.059147344,1.068824323
Greece,6/1/09,-2.50,-0.015132086,0.995768986
Greece,9/1/09,-4.50,-0.035517782,0.922713649
Greece,12/1/09,-2.20,-0.013112393,0.849658312
Greece,3/1/10,-0.80,-0.013656721,-0.551029478
Greece,6/1/10,-7.50,-0.094375275,-1.951717268
Greece,9/1/10,-7.50,-0.108513547,-3.352405058
Greece,12/1/10,-9.00,-0.13774392,-4.753092848
Greece,3/1/11,-9.40,-0.14060001,-4.709042366
Greece,6/1/11,-6.00,-0.106180511,-4.664991885
Greece,9/1/11,-4.20,-0.088496131,-4.620941403
Greece,12/1/11,-7.40,-0.120009295,-4.576890921
Greece,3/1/12,-4.90,-0.093951569,-4.456688692
Greece,6/1/12,-6.00,-0.103010419,-4.336486462
Greece,9/1/12,-4.50,-0.087050313,-4.216284233
Greece,12/1/12,-3.50,-0.076026141,-4.096082004
Greece,3/1/13,-2.20,-0.063266886,-4.145920053
Greece,6/1/13,-0.40,-0.046435295,-4.195758103
Greece,9/1/13,1.20,-0.030538175,-4.245596153
Greece,12/1/13,-0.30,-0.046321702,-4.295434203
Greece,3/1/14,1.80,-0.021250933,-3.877283194
Greece,6/1/14,2.10,-0.013232692,-3.459132186
Greece,9/1/14,4.50,0.014172134,-3.040981178
Greece,12/1/14,5.30,0.026415577,-2.62283017
Greece,3/1/15,4.40,0.02145555,-2.262622698
Greece,6/1/15,4.30,0.024171107,-1.902415226
Greece,9/1/15,0.40,-0.011349426,-1.542207754
Greece,12/1/15,1.80,0.006603975,-1.182000282
Greece,3/1/16,1.00,-0.002867311,-1.320056817
Greece,6/1/16,2.40,0.009132649,-1.458113352
Greece,9/1/16,3.30,0.016929958,-1.596169886
Greece,12/1/16,0.90,-0.008461126,-1.734226421
Greece,3/1/17,1.70,0.000561682,-1.680552518
Greece,6/1/17,2.00,0.00380979,-1.626878615
Greece,9/1/17,3.70,0.021296772,-1.573204712
Greece,12/1/17,2.80,0.012437919,-1.519530809
Greece,3/1/18,4.20,0.028466012,-1.330867556
Greece,6/1/18,2.50,0.013543399,-1.142204303
Greece,9/1/18,3.20,0.022571049,-0.95354105
Greece,12/1/18,1.70,0.009588108,-0.764877798
Greece,3/1/19,1.20,0.00840403,-0.372900912
Greece,6/1/19,2.80,0.02845245,0.019075974
Greece,9/1/19,1.10,0.015385206,0.411052859
Greece,12/1/19,#N/A,#N/A,0.803029745
Greece,3/1/20,#N/A,#N/A,#N/A
Greece,6/1/20,#N/A,#N/A,#N/A
Greece,9/1/20,#N/A,#N/A,#N/A
Greece,12/1/20,#N/A,#N/A,#N/A
Italy,3/1/99,#N/A,#N/A,#N/A
Italy,6/1/99,#N/A,#N/A,#N/A
Italy,9/1/99,#N/A,#N/A,#N/A
Italy,12/1/99,#N/A,#N/A,#N/A
Italy,3/1/00,#N/A,0.036052958,#N/A
Italy,6/1/00,#N/A,0.031156394,#N/A
Italy,9/1/00,#N/A,0.027901791,#N/A
Italy,12/1/00,#N/A,0.026685408,#N/A
Italy,3/1/01,0.90,0.0280936,1.906643857
Italy,6/1/01,0.40,0.022712577,1.906643857
Italy,9/1/01,0.30,0.021948857,1.906643857
Italy,12/1/01,-0.30,0.016450756,1.906643857
Italy,3/1/02,-1.60,0.00292628,1.847888184
Italy,6/1/02,-0.50,0.012781788,1.789132511
Italy,9/1/02,0.40,0.021574928,1.730376838
Italy,12/1/02,-1.20,0.004677055,1.671621165
Italy,3/1/03,-1.10,0.004627988,1.565505115
Italy,6/1/03,-1.20,0.002876214,1.459389065
Italy,9/1/03,-0.40,0.009049205,1.353273015
Italy,12/1/03,-0.50,0.007523585,1.247156965
Italy,3/1/04,0.50,0.017089673,1.197832079
Italy,6/1/04,1.50,0.026637843,1.148507193
Italy,9/1/04,0.00,0.011012185,1.099182307
Italy,12/1/04,1.00,0.020462727,1.049857421
Italy,3/1/05,0.00,0.009340922,0.890840377
Italy,6/1/05,-0.20,0.004994418,0.731823333
Italy,9/1/05,0.20,0.007467385,0.572806289
Italy,12/1/05,0.70,0.011551766,0.413789245
Italy,3/1/06,2.00,0.023181083,0.34641409
Italy,6/1/06,1.50,0.017458756,0.279038936
Italy,9/1/06,1.70,0.018995911,0.211663781
Italy,12/1/06,1.30,0.014292492,0.144288627
Italy,3/1/07,2.70,0.029886819,0.280063208
Italy,6/1/07,1.60,0.019731238,0.41583779
Italy,9/1/07,1.80,0.023633782,0.551612372
Italy,12/1/07,0.60,0.012935229,0.687386954
Italy,3/1/08,-0.40,-0.001593824,0.224554591
Italy,6/1/08,-0.20,-0.004213314,-0.238277772
Italy,9/1/08,-1.30,-0.019591557,-0.701110135
Italy,12/1/08,-3.40,-0.046081211,-1.163942498
Italy,3/1/09,-5.40,-0.061706599,-0.766028709
Italy,6/1/09,-5.90,-0.063142168,-0.368114921
Italy,9/1/09,-3.50,-0.03470634,0.029798868
Italy,12/1/09,-2.30,-0.018740386,0.427712657
Italy,3/1/10,-0.30,-0.003371865,-0.009024539
Italy,6/1/10,1.80,0.013383333,-0.445761735
Italy,9/1/10,1.60,0.006961198,-0.882498931
Italy,12/1/10,2.00,0.007111864,-1.319236127
Italy,3/1/11,2.70,0.012841831,-1.439596812
Italy,6/1/11,1.60,0.000766353,-1.559957496
Italy,9/1/11,1.50,-0.001861102,-1.68031818
Italy,12/1/11,-0.90,-0.027066334,-1.800678865
Italy,3/1/12,-1.90,-0.038654831,-1.919046519
Italy,6/1/12,-3.00,-0.050717244,-2.037414173
Italy,9/1/12,-2.50,-0.046900624,-2.155781827
Italy,12/1/12,-1.60,-0.038886492,-2.274149481
Italy,3/1/13,-2.20,-0.040574953,-1.833345012
Italy,6/1/13,-0.70,-0.020792277,-1.392540543
Italy,9/1/13,0.00,-0.009570426,-0.951736073
Italy,12/1/13,-0.10,-0.006341566,-0.510931604
Italy,3/1/14,1.40,0.012271945,-0.159764596
Italy,6/1/14,0.00,0.00217675,0.191402412
Italy,9/1/14,0.10,0.006477963,0.54256942
Italy,12/1/14,-0.30,0.006269204,0.893736428
Italy,3/1/15,0.10,0.010200405,0.928808045
Italy,6/1/15,0.70,0.016785047,0.963879663
Italy,9/1/15,1.00,0.019724181,0.998951281
Italy,12/1/15,0.90,0.019690751,1.034022898
Italy,3/1/16,2.10,0.032091305,1.147409845
Italy,6/1/16,1.80,0.031069976,1.260796791
Italy,9/1/16,0.70,0.020445638,1.374183738
Italy,12/1/16,0.30,0.018215645,1.487570685
Italy,3/1/17,0.10,0.011412019,1.027864096
Italy,6/1/17,0.00,0.005563692,0.568157508
Italy,9/1/17,0.80,0.009500583,0.108450919
Italy,12/1/17,2.40,0.020350486,-0.351255669
Italy,3/1/18,2.10,0.017952246,-0.263997268
Italy,6/1/18,1.30,0.011013837,-0.176738868
Italy,9/1/18,-0.30,-0.003512926,-0.089480467
Italy,12/1/18,-0.40,-0.003848725,-0.002222066
Italy,3/1/19,-0.30,-0.001883205,0.110564281
Italy,6/1/19,-0.70,-0.005000122,0.223350628
Italy,9/1/19,0.80,0.011217156,0.336136975
Italy,12/1/19,#N/A,#N/A,0.448923322
Italy,3/1/20,#N/A,#N/A,#N/A
Italy,6/1/20,#N/A,#N/A,#N/A
Italy,9/1/20,#N/A,#N/A,#N/A
Italy,12/1/20,#N/A,#N/A,#N/A
Japan,3/1/99,#N/A,#N/A,#N/A
Japan,6/1/99,#N/A,#N/A,#N/A
Japan,9/1/99,#N/A,#N/A,#N/A
Japan,12/1/99,#N/A,#N/A,#N/A
Japan,3/1/00,#N/A,0.024156248,#N/A
Japan,6/1/00,#N/A,0.01937791,#N/A
Japan,9/1/00,#N/A,0.01818653,#N/A
Japan,12/1/00,#N/A,0.020330117,#N/A
Japan,3/1/01,1.10,0.017993542,0.652927035
Japan,6/1/01,0.10,0.007628971,0.652927035
Japan,9/1/01,-1.30,-0.006165587,0.652927035
Japan,12/1/01,-2.30,-0.016493817,0.652927035
Japan,3/1/02,-2.10,-0.01530937,0.614774434
Japan,6/1/02,-1.30,-0.007691257,0.576621832
Japan,9/1/02,-0.40,0.001867968,0.538469231
Japan,12/1/02,-0.10,0.003806777,0.500316629
Japan,3/1/03,-1.00,-0.006564598,0.315258985
Japan,6/1/03,0.20,0.003706692,0.130201341
Japan,9/1/03,0.30,0.002777572,-0.054856304
Japan,12/1/03,0.80,0.0055445,-0.239913948
Japan,3/1/04,2.10,0.019901046,-0.135982752
Japan,6/1/04,1.00,0.009427796,-0.032051555
Japan,9/1/04,1.20,0.012954258,0.071879641
Japan,12/1/04,0.00,0.001710413,0.175810838
Japan,3/1/05,0.00,0.002655003,0.281964128
Japan,6/1/05,0.30,0.007134575,0.388117419
Japan,9/1/05,0.50,0.009959758,0.49427071
Japan,12/1/05,1.00,0.01586163,0.600424001
Japan,3/1/06,0.80,0.013184995,0.47304726
Japan,6/1/06,-0.20,0.001054526,0.34567052
Japan,9/1/06,-1.30,-0.010545345,0.218293779
Japan,12/1/06,0.60,0.007032214,0.090917039
Japan,3/1/07,1.60,0.017676655,0.160031045
Japan,6/1/07,1.20,0.014585757,0.229145052
Japan,9/1/07,0.80,0.011203152,0.298259059
Japan,12/1/07,-1.20,-0.008384984,0.367373065
Japan,3/1/08,-1.50,-0.015654618,-0.111715283
Japan,6/1/08,-2.40,-0.029436723,-0.59080363
Japan,9/1/08,-3.30,-0.043474475,-1.069891978
Japan,12/1/08,-3.10,-0.046408378,-1.548980326
Japan,3/1/09,-7.60,-0.084538201,-0.890684101
Japan,6/1/09,-5.30,-0.055165799,-0.232387876
Japan,9/1/09,-3.70,-0.033008993,0.425908348
Japan,12/1/09,-2.60,-0.015219101,1.084204573
Japan,3/1/10,2.40,0.029312458,0.580454263
Japan,6/1/10,2.40,0.024653251,0.076703954
Japan,9/1/10,5.30,0.048925616,-0.427046356
Japan,12/1/10,2.60,0.016299834,-0.930796665
Japan,3/1/11,0.70,-0.002410728,-0.929131679
Japan,6/1/11,-1.70,-0.025974751,-0.927466692
Japan,9/1/11,-1.30,-0.022255817,-0.925801706
Japan,12/1/11,-0.10,-0.010434127,-0.924136719
Japan,3/1/12,2.60,0.018546538,-0.734987253
Japan,6/1/12,2.40,0.018507217,-0.545837787
Japan,9/1/12,0.00,-0.00359873,-0.35668832
Japan,12/1/12,0.00,-0.001690267,-0.167538854
Japan,3/1/13,0.30,0.001835589,-0.158041519
Japan,6/1/13,1.90,0.01778784,-0.148544183
Japan,9/1/13,2.20,0.020176981,-0.139046848
Japan,12/1/13,1.40,0.012297388,-0.129549512
Japan,3/1/14,1.90,0.017517722,-0.180548366
Japan,6/1/14,-1.20,-0.014096927,-0.231547219
Japan,9/1/14,-1.90,-0.021516578,-0.282546073
Japan,12/1/14,-0.30,-0.005936793,-0.333544926
Japan,3/1/15,0.80,0.010679454,0.288322455
Japan,6/1/15,2.30,0.032529754,0.910189835
Japan,9/1/15,2.10,0.036594245,1.532057216
Japan,12/1/15,0.20,0.02399672,2.153924597
Japan,3/1/16,-0.80,0.010792013,1.90232853
Japan,6/1/16,-0.70,0.009908234,1.650732463
Japan,9/1/16,-0.60,0.008316915,1.399136397
Japan,12/1/16,-0.40,0.007246021,1.14754033
Japan,3/1/17,-0.20,0.006829583,0.877377853
Japan,6/1/17,0.70,0.012659232,0.607215376
Japan,9/1/17,1.60,0.019362432,0.337052898
Japan,12/1/17,1.90,0.019362593,0.066890421
Japan,3/1/18,0.00,-0.000453307,-0.037865997
Japan,6/1/18,0.70,0.005348159,-0.142622415
Japan,9/1/18,-1.50,-0.017095783,-0.247378833
Japan,12/1/18,-1.40,-0.01705351,-0.352135251
Japan,3/1/19,0.60,0.006132825,-0.002863219
Japan,6/1/19,0.10,0.004776335,0.346408812
Japan,9/1/19,1.30,0.019949043,0.695680844
Japan,12/1/19,#N/A,#N/A,1.044952875
Japan,3/1/20,#N/A,#N/A,#N/A
Japan,6/1/20,#N/A,#N/A,#N/A
Japan,9/1/20,#N/A,#N/A,#N/A
Japan,12/1/20,#N/A,#N/A,#N/A
Korea,3/1/99,#N/A,#N/A,#N/A
Korea,6/1/99,#N/A,#N/A,#N/A
Korea,9/1/99,#N/A,#N/A,#N/A
Korea,12/1/99,#N/A,#N/A,#N/A
Korea,3/1/00,#N/A,0.155655556,#N/A
Korea,6/1/00,#N/A,0.123679809,#N/A
Korea,9/1/00,#N/A,0.080984609,#N/A
Korea,12/1/00,#N/A,0.06764376,#N/A
Korea,3/1/01,-0.30,0.046881213,4.962248011
Korea,6/1/01,-0.30,0.046349722,4.962248011
Korea,9/1/01,-1.20,0.037680832,4.962248011
Korea,12/1/01,-0.90,0.040217696,4.962248011
Korea,3/1/02,2.50,0.076356056,5.106185586
Korea,6/1/02,2.50,0.077230402,5.25012316
Korea,9/1/02,1.60,0.070304662,5.394060735
Korea,12/1/02,4.00,0.095185034,5.53799831
Korea,3/1/03,-2.00,0.033629403,5.390297509
Korea,6/1/03,-3.10,0.021414414,5.242596709
Korea,9/1/03,-2.20,0.029039963,5.094895908
Korea,12/1/03,-1.00,0.039061098,4.947195108
Korea,3/1/04,0.30,0.051324442,4.816515526
Korea,6/1/04,1.30,0.060094745,4.685835945
Korea,9/1/04,0.30,0.048990122,4.555156364
Korea,12/1/04,-1.40,0.030378055,4.424476782
Korea,3/1/05,-2.40,0.016443943,4.086674415
Korea,6/1/05,-2.20,0.015121587,3.748872048
Korea,9/1/05,0.10,0.034613227,3.41106968
Korea,12/1/05,0.50,0.035859908,3.073267313
Korea,3/1/06,0.70,0.034856916,2.759656044
Korea,6/1/06,-0.10,0.023719076,2.446044774
Korea,9/1/06,0.40,0.0258157,2.132433505
Korea,12/1/06,0.70,0.025212277,1.818822235
Korea,3/1/07,2.20,0.046288661,2.442453762
Korea,6/1/07,3.10,0.06122627,3.066085288
Korea,9/1/07,2.00,0.056428802,3.689716814
Korea,12/1/07,1.80,0.061573453,4.31334834
Korea,3/1/08,-0.20,0.036255169,3.806744126
Korea,6/1/08,-0.40,0.029213896,3.300139912
Korea,9/1/08,-1.40,0.014050231,2.793535698
Korea,12/1/08,-5.00,-0.027164782,2.286931483
Korea,3/1/09,-4.40,-0.014912301,2.900671217
Korea,6/1/09,-3.40,0.001051099,3.514410951
Korea,9/1/09,-1.50,0.026407969,4.128150685
Korea,12/1/09,0.30,0.050606987,4.741890419
Korea,3/1/10,2.80,0.07446691,4.627412166
Korea,6/1/10,3.20,0.077363315,4.512933914
Korea,9/1/10,0.90,0.053194013,4.398455661
Korea,12/1/10,1.70,0.06015444,4.283977408
Korea,3/1/11,-0.80,0.026745853,3.435498712
Korea,6/1/11,-2.30,0.003149264,2.587020017
Korea,9/1/11,-1.50,0.002007816,1.738541321
Korea,12/1/11,-0.10,0.007457981,0.890062625
Korea,3/1/12,0.70,0.019514161,1.294746463
Korea,6/1/12,0.10,0.017751046,1.699430301
Korea,9/1/12,-0.40,0.01746491,2.104114139
Korea,12/1/12,-2.00,0.005225616,2.508797977
Korea,3/1/13,-1.10,0.015551538,2.681483913
Korea,6/1/13,0.00,0.028860713,2.854169849
Korea,9/1/13,0.50,0.035749711,3.026855784
Korea,12/1/13,0.20,0.034297093,3.19954172
Korea,3/1/14,0.90,0.039414494,3.0546018
Korea,6/1/14,-0.40,0.024988024,2.90966188
Korea,9/1/14,-0.60,0.021529855,2.764721959
Korea,12/1/14,0.20,0.027929091,2.619782039
Korea,3/1/15,1.50,0.04812012,3.334554652
Korea,6/1/15,1.20,0.052670934,4.049327266
Korea,9/1/15,1.50,0.062837141,4.764099879
Korea,12/1/15,-0.50,0.049740008,5.478872493
Korea,3/1/16,-1.20,0.039415378,5.110714565
Korea,6/1/16,0.00,0.047612138,4.742556637
Korea,9/1/16,-0.70,0.0364657,4.374398709
Korea,12/1/16,-0.40,0.03579698,4.006240782
Korea,3/1/17,-1.20,0.026326796,3.788420798
Korea,6/1/17,-1.10,0.024832543,3.570600815
Korea,9/1/17,2.10,0.054572628,3.352780831
Korea,12/1/17,0.00,0.031648443,3.134960848
Korea,3/1/18,-0.20,0.025802856,2.764530496
Korea,6/1/18,0.00,0.023798604,2.394100144
Korea,9/1/18,-1.30,0.007283475,2.023669793
Korea,12/1/18,-0.70,0.009889423,1.653239441
Korea,3/1/19,-0.60,0.006088618,1.221330529
Korea,6/1/19,#N/A,#N/A,0.789421617
Korea,9/1/19,#N/A,#N/A,0.357512704
Korea,12/1/19,#N/A,#N/A,-0.074396208
Korea,3/1/20,#N/A,#N/A,#N/A
Korea,6/1/20,#N/A,#N/A,#N/A
Korea,9/1/20,#N/A,#N/A,#N/A
Korea,12/1/20,#N/A,#N/A,#N/A
Luxembourg,3/1/99,#N/A,#N/A,#N/A
Luxembourg,6/1/99,#N/A,#N/A,#N/A
Luxembourg,9/1/99,#N/A,#N/A,#N/A
Luxembourg,12/1/99,#N/A,#N/A,#N/A
Luxembourg,3/1/00,#N/A,0.124754473,#N/A
Luxembourg,6/1/00,#N/A,0.075178859,#N/A
Luxembourg,9/1/00,#N/A,0.063628835,#N/A
Luxembourg,12/1/00,#N/A,0.031229897,#N/A
Luxembourg,3/1/01,-1.20,0.000758998,1.272581246
Luxembourg,6/1/01,-2.20,-0.009578834,1.272581246
Luxembourg,9/1/01,-3.10,-0.018473034,1.272581246
Luxembourg,12/1/01,2.60,0.038936824,1.272581246
Luxembourg,3/1/02,2.10,0.037996863,1.660761575
Luxembourg,6/1/02,6.00,0.080319885,2.048941904
Luxembourg,9/1/02,1.40,0.038252493,2.437122234
Luxembourg,12/1/02,-4.30,-0.015207254,2.825302563
Luxembourg,3/1/03,-4.40,-0.013817194,3.019473755
Luxembourg,6/1/03,-3.40,-0.001477599,3.213644946
Luxembourg,9/1/03,-1.10,0.023338415,3.407816138
Luxembourg,12/1/03,4.50,0.081257659,3.60198733
Luxembourg,3/1/04,1.80,0.053309491,3.51984469
Luxembourg,6/1/04,0.50,0.039151816,3.437702049
Luxembourg,9/1/04,2.60,0.059681478,3.355559409
Luxembourg,12/1/04,-0.80,0.024309689,3.273416769
Luxembourg,3/1/05,-0.90,0.026264247,3.497818303
Luxembourg,6/1/05,0.60,0.043665677,3.722219836
Luxembourg,9/1/05,1.80,0.05737523,3.94662137
Luxembourg,12/1/05,2.50,0.066229371,4.171022903
Luxembourg,3/1/06,8.10,0.131099706,4.988867616
Luxembourg,6/1/06,3.50,0.093503944,5.806712329
Luxembourg,9/1/06,0.70,0.073462035,6.624557042
Luxembourg,12/1/06,1.70,0.091209491,7.442401755
Luxembourg,3/1/07,0.20,0.061591713,5.990350938
Luxembourg,6/1/07,5.00,0.095519476,4.538300122
Luxembourg,9/1/07,5.60,0.086964957,3.086249305
Luxembourg,12/1/07,4.00,0.056084974,1.634198489
Luxembourg,3/1/08,2.00,0.036254618,1.637047674
Luxembourg,6/1/08,-2.40,-0.007222671,1.639896859
Luxembourg,9/1/08,-2.90,-0.012329423,1.642746044
Luxembourg,12/1/08,-6.20,-0.045129158,1.645595228
Luxembourg,3/1/09,-7.50,-0.055652752,1.896489432
Luxembourg,6/1/09,-8.20,-0.060974208,2.147383635
Luxembourg,9/1/09,-6.40,-0.039990377,2.398277839
Luxembourg,12/1/09,-0.60,0.02079447,2.649172043
Luxembourg,3/1/10,-0.20,0.023986127,2.591637327
Luxembourg,6/1/10,6.00,0.085484096,2.534102611
Luxembourg,9/1/10,4.80,0.072578887,2.476567895
Luxembourg,12/1/10,4.30,0.066748054,2.41903318
Luxembourg,3/1/11,5.80,0.082844709,2.471366816
Luxembourg,6/1/11,0.30,0.028621447,2.523700452
Luxembourg,9/1/11,1.00,0.03609472,2.576034088
Luxembourg,12/1/11,-1.30,0.012803631,2.628367725
Luxembourg,3/1/12,-3.60,-0.011360105,2.441069609
Luxembourg,6/1/12,-2.10,0.002032862,2.253771494
Luxembourg,9/1/12,-3.50,-0.013858733,2.066473378
Luxembourg,12/1/12,-1.50,0.004260473,1.879175263
Luxembourg,3/1/13,-2.30,-0.002049962,2.045404582
Luxembourg,6/1/13,0.90,0.03130437,2.211633901
Luxembourg,9/1/13,3.50,0.05834037,2.37786322
Luxembourg,12/1/13,3.10,0.056039043,2.544092539
Luxembourg,3/1/14,5.80,0.090072241,3.174951761
Luxembourg,6/1/14,0.00,0.037584017,3.805810983
Luxembourg,9/1/14,2.00,0.064074533,4.436670205
Luxembourg,12/1/14,1.90,0.069348951,5.067529427
Luxembourg,3/1/15,1.10,0.05521016,4.439007176
Luxembourg,6/1/15,2.90,0.066984043,3.810484924
Luxembourg,9/1/15,-2.50,0.006407904,3.181962672
Luxembourg,12/1/15,0.70,0.032657816,2.55344042
Luxembourg,3/1/16,0.50,0.033693322,2.851460348
Luxembourg,6/1/16,0.90,0.040544615,3.149480275
Luxembourg,9/1/16,4.40,0.078857461,3.447500202
Luxembourg,12/1/16,1.30,0.050353828,3.745520129
Luxembourg,3/1/17,-1.60,0.0195242,3.508400595
Luxembourg,6/1/17,-1.10,0.021402006,3.271281061
Luxembourg,9/1/17,-2.20,0.007866362,3.034161526
Luxembourg,12/1/17,-0.60,0.022416451,2.797041992
Luxembourg,3/1/18,1.40,0.045062159,3.109305033
Luxembourg,6/1/18,1.10,0.045122403,3.421568074
Luxembourg,9/1/18,1.70,0.054340653,3.733831115
Luxembourg,12/1/18,-1.90,0.021504426,4.046094156
Luxembourg,3/1/19,-1.10,0.028013574,3.888400923
Luxembourg,6/1/19,0.50,0.041930229,3.73070769
Luxembourg,9/1/19,-0.60,0.029962507,3.573014457
Luxembourg,12/1/19,#N/A,#N/A,3.415321224
Luxembourg,3/1/20,#N/A,#N/A,#N/A
Luxembourg,6/1/20,#N/A,#N/A,#N/A
Luxembourg,9/1/20,#N/A,#N/A,#N/A
Luxembourg,12/1/20,#N/A,#N/A,#N/A
Netherlands,3/1/99,#N/A,#N/A,#N/A
Netherlands,6/1/99,#N/A,#N/A,#N/A
Netherlands,9/1/99,#N/A,#N/A,#N/A
Netherlands,12/1/99,#N/A,#N/A,#N/A
Netherlands,3/1/00,#N/A,0.06064891,#N/A
Netherlands,6/1/00,#N/A,0.05913717,#N/A
Netherlands,9/1/00,#N/A,0.051139139,#N/A
Netherlands,12/1/00,#N/A,0.040754431,#N/A
Netherlands,3/1/01,2.30,0.041554742,1.823002236
Netherlands,6/1/01,1.00,0.028155024,1.823002236
Netherlands,9/1/01,-0.30,0.015096017,1.823002236
Netherlands,12/1/01,-0.80,0.010578611,1.823002236
Netherlands,3/1/02,-2.00,-0.000606928,1.918319552
Netherlands,6/1/02,-1.20,0.008050683,2.013636869
Netherlands,9/1/02,-0.80,0.012600164,2.108954185
Netherlands,12/1/02,-1.50,0.007510631,2.204271502
Netherlands,3/1/03,-1.50,0.007089941,2.176434406
Netherlands,6/1/03,-2.10,0.000616677,2.14859731
Netherlands,9/1/03,-2.50,-0.003338802,2.120760213
Netherlands,12/1/03,-1.60,0.004930121,2.092923117
Netherlands,3/1/04,-0.80,0.012147087,2.028628743
Netherlands,6/1/04,0.10,0.020167289,1.964334368
Netherlands,9/1/04,0.30,0.021869883,1.900039994
Netherlands,12/1/04,0.40,0.02260681,1.83574562
Netherlands,3/1/05,-0.40,0.016030178,2.006721174
Netherlands,6/1/05,0.30,0.025036395,2.177696728
Netherlands,9/1/05,0.20,0.025794813,2.348672282
Netherlands,12/1/05,0.20,0.026964639,2.519647836
Netherlands,3/1/06,2.80,0.053337136,2.572805788
Netherlands,6/1/06,2.00,0.046400067,2.62596374
Netherlands,9/1/06,1.90,0.045525212,2.679121692
Netherlands,12/1/06,2.60,0.052966357,2.732279644
Netherlands,3/1/07,2.20,0.048322022,2.601237563
Netherlands,6/1/07,1.30,0.037455927,2.470195481
Netherlands,9/1/07,2.20,0.044992395,2.3391534
Netherlands,12/1/07,1.70,0.039099488,2.208111318
Netherlands,3/1/08,1.00,0.029856958,2.001094017
Netherlands,6/1/08,1.20,0.030202149,1.794076715
Netherlands,9/1/08,0.30,0.019082933,1.587059414
Netherlands,12/1/08,-1.20,0.001565417,1.380042112
Netherlands,3/1/09,-5.00,-0.039991748,0.996193504
Netherlands,6/1/09,-6.20,-0.05546481,0.612344895
Netherlands,9/1/09,-4.80,-0.045952578,0.228496287
Netherlands,12/1/09,-4.10,-0.042238913,-0.155352321
Netherlands,3/1/10,-1.60,-0.014171892,0.152406913
Netherlands,6/1/10,1.70,0.021598293,0.460166147
Netherlands,9/1/10,0.80,0.015330293,0.767925381
Netherlands,12/1/10,0.70,0.017353165,1.075684616
Netherlands,3/1/11,0.80,0.012848243,0.439672548
Netherlands,6/1/11,-0.10,-0.003450338,-0.196339519
Netherlands,9/1/11,-0.40,-0.012205402,-0.832351587
Netherlands,12/1/11,-0.50,-0.019437158,-1.468363654
Netherlands,3/1/12,-0.80,-0.020074826,-1.228905385
Netherlands,6/1/12,-0.50,-0.014772488,-0.989447117
Netherlands,9/1/12,-1.80,-0.025743238,-0.749988848
Netherlands,12/1/12,-1.50,-0.019902151,-0.510530579
Netherlands,3/1/13,-2.10,-0.025811675,-0.49003709
Netherlands,6/1/13,-1.20,-0.017027716,-0.469543602
Netherlands,9/1/13,-0.40,-0.008005104,-0.449050114
Netherlands,12/1/13,0.20,-0.002063454,-0.428556625
Netherlands,3/1/14,0.80,0.007685222,-0.059748169
Netherlands,6/1/14,-0.20,0.000782682,0.309060287
Netherlands,9/1/14,-0.10,0.005441703,0.677868744
Netherlands,12/1/14,0.30,0.013917522,1.0466772
Netherlands,3/1/15,-0.10,0.011150387,1.237205879
Netherlands,6/1/15,0.90,0.023609739,1.427734558
Netherlands,9/1/15,1.70,0.032934346,1.618263237
Netherlands,12/1/15,0.00,0.017703421,1.808791917
Netherlands,3/1/16,0.50,0.022856481,1.805753285
Netherlands,6/1/16,0.70,0.025484507,1.802714654
Netherlands,9/1/16,0.40,0.021832536,1.799676023
Netherlands,12/1/16,0.50,0.022998709,1.796637391
Netherlands,3/1/17,0.70,0.024753917,1.77789893
Netherlands,6/1/17,1.40,0.031176959,1.75916047
Netherlands,9/1/17,1.10,0.028550036,1.740422009
Netherlands,12/1/17,1.00,0.027009179,1.721683548
Netherlands,3/1/18,2.20,0.041316813,1.923053639
Netherlands,6/1/18,1.10,0.031802077,2.124423729
Netherlands,9/1/18,0.30,0.026175111,2.32579382
Netherlands,12/1/18,0.00,0.025352445,2.527163911
Netherlands,3/1/19,-0.30,0.019160169,2.232542836
Netherlands,6/1/19,0.30,0.022694932,1.937921762
Netherlands,9/1/19,0.50,0.02107333,1.643300687
Netherlands,12/1/19,0.60,0.0189954,1.348679613
Netherlands,3/1/20,#N/A,#N/A,#N/A
Netherlands,6/1/20,#N/A,#N/A,#N/A
Netherlands,9/1/20,#N/A,#N/A,#N/A
Netherlands,12/1/20,#N/A,#N/A,#N/A
Norway,3/1/99,#N/A,#N/A,#N/A
Norway,6/1/99,#N/A,#N/A,#N/A
Norway,9/1/99,#N/A,#N/A,#N/A
Norway,12/1/99,#N/A,#N/A,#N/A
Norway,3/1/00,#N/A,0.210964717,#N/A
Norway,6/1/00,#N/A,0.16255904,#N/A
Norway,9/1/00,#N/A,0.141788933,#N/A
Norway,12/1/00,#N/A,0.115030439,#N/A
Norway,3/1/01,5.00,0.052288155,0.247545996
Norway,6/1/01,4.00,0.042460282,0.247545996
Norway,9/1/01,-1.10,-0.008298946,0.247545996
Norway,12/1/01,-5.10,-0.048418944,0.247545996
Norway,3/1/02,-6.00,-0.060968386,-0.058637451
Norway,6/1/02,0.70,0.003575318,-0.364820898
Norway,9/1/02,-0.40,-0.011056962,-0.671004345
Norway,12/1/02,1.90,0.009605949,-0.977187792
Norway,3/1/03,4.10,0.039138859,-0.201609664
Norway,6/1/03,-4.30,-0.037209297,0.573968464
Norway,9/1/03,1.10,0.024169386,1.349546593
Norway,12/1/03,0.50,0.026426517,2.125124721
Norway,3/1/04,3.50,0.078452,4.324240161
Norway,6/1/04,3.70,0.1019954,6.523355601
Norway,9/1/04,-0.30,0.084509367,8.722471042
Norway,12/1/04,0.60,0.115401731,10.92158648
Norway,3/1/05,-4.10,0.061140306,10.21065832
Norway,6/1/05,2.50,0.120352371,9.49973015
Norway,9/1/05,1.70,0.104570682,8.788801984
Norway,12/1/05,2.90,0.109496413,8.077873818
Norway,3/1/06,7.10,0.153594208,8.273551843
Norway,6/1/06,-1.00,0.074769973,8.469229867
Norway,9/1/06,-0.90,0.077833129,8.664907892
Norway,12/1/06,-3.50,0.054079537,8.860585917
Norway,3/1/07,-5.60,0.021633842,7.727711995
Norway,6/1/07,-1.60,0.04976514,6.594838074
Norway,9/1/07,-0.70,0.047883041,5.461964153
Norway,12/1/07,4.60,0.089196776,4.329090231
Norway,3/1/08,2.20,0.067128838,4.538825757
Norway,6/1/08,7.80,0.12556553,4.748561283
Norway,9/1/08,3.70,0.086566553,4.958296809
Norway,12/1/08,-4.60,0.006167124,5.168032335
Norway,3/1/09,-8.70,-0.068248646,1.825898603
Norway,6/1/09,-11.20,-0.126705743,-1.516235128
Norway,9/1/09,-4.70,-0.096077178,-4.858368859
Norway,12/1/09,2.00,-0.062331285,-8.20050259
Norway,3/1/10,7.60,0.03389398,-4.230685858
Norway,6/1/10,4.90,0.04639549,-0.260869126
Norway,9/1/10,-1.50,0.022181718,3.708947606
Norway,12/1/10,-1.30,0.063882298,7.678764338
Norway,3/1/11,-0.40,0.068926868,7.304422946
Norway,6/1/11,-2.00,0.049213545,6.930081554
Norway,9/1/11,1.30,0.078625988,6.555740162
Norway,12/1/11,-0.20,0.060094813,6.18139877
Norway,3/1/12,3.30,0.092472287,5.959848017
Norway,6/1/12,1.40,0.071358028,5.738297264
Norway,9/1/12,-2.20,0.033477123,5.516746512
Norway,12/1/12,-3.20,0.02110168,5.295195759
Norway,3/1/13,-6.80,-0.027735995,3.996005789
Norway,6/1/13,-0.20,0.024949451,2.696815818
Norway,9/1/13,1.40,0.028435759,1.397625848
Norway,12/1/13,3.30,0.034030671,0.098435878
Norway,3/1/14,4.00,0.041058102,0.073787159
Norway,6/1/14,-0.40,-0.003730135,0.04913844
Norway,9/1/14,-0.70,-0.00667519,0.024489721
Norway,12/1/14,-2.00,-0.019848142,-0.000158998
Norway,3/1/15,-3.20,-0.039575085,-0.783958124
Norway,6/1/15,0.50,-0.01024319,-1.567757251
Norway,9/1/15,0.30,-0.020087267,-2.351556377
Norway,12/1/15,-1.90,-0.050601508,-3.135355503
Norway,3/1/16,-3.60,-0.067706548,-3.175029779
Norway,6/1/16,-0.10,-0.033536895,-3.214704056
Norway,9/1/16,-2.50,-0.057893041,-3.254378332
Norway,12/1/16,3.80,0.00489289,-3.294052609
Norway,3/1/17,9.60,0.084318599,-1.144623521
Norway,6/1/17,-0.10,0.008796211,1.004805566
Norway,9/1/17,1.30,0.044077794,3.154234654
Norway,12/1/17,-1.20,0.040927142,5.303663741
Norway,3/1/18,-3.40,0.015565914,4.9753022
Norway,6/1/18,1.80,0.064662926,4.646940659
Norway,9/1/18,1.10,0.054294591,4.318579117
Norway,12/1/18,-0.20,0.037411887,3.990217576
Norway,3/1/19,-2.00,0.013490162,3.380486562
Norway,6/1/19,-5.90,-0.031486636,2.770755548
Norway,9/1/19,-5.40,-0.032051052,2.161024534
Norway,12/1/19,-4.20,-0.026769478,1.55129352
Norway,3/1/20,#N/A,#N/A,#N/A
Norway,6/1/20,#N/A,#N/A,#N/A
Norway,9/1/20,#N/A,#N/A,#N/A
Norway,12/1/20,#N/A,#N/A,#N/A
Portugal,3/1/99,#N/A,#N/A,#N/A
Portugal,6/1/99,#N/A,#N/A,#N/A
Portugal,9/1/99,#N/A,#N/A,#N/A
Portugal,12/1/99,#N/A,#N/A,#N/A
Portugal,3/1/00,#N/A,0.059635977,#N/A
Portugal,6/1/00,#N/A,0.042002701,#N/A
Portugal,9/1/00,#N/A,0.039631831,#N/A
Portugal,12/1/00,#N/A,0.034976979,#N/A
Portugal,3/1/01,-1.90,-0.004833703,1.408607977
Portugal,6/1/01,1.00,0.023618944,1.408607977
Portugal,9/1/01,-0.10,0.012766927,1.408607977
Portugal,12/1/01,0.60,0.019827971,1.408607977
Portugal,3/1/02,1.70,0.032530525,1.587970822
Portugal,6/1/02,0.30,0.020395737,1.767333668
Portugal,9/1/02,0.00,0.019471854,1.946696514
Portugal,12/1/02,-3.70,-0.015856787,2.12605936
Portugal,3/1/03,-4.20,-0.02175977,1.981725863
Portugal,6/1/03,-4.90,-0.030841928,1.837392366
Portugal,9/1/03,-2.20,-0.004714111,1.693058869
Portugal,12/1/03,1.20,0.02719194,1.548725373
Portugal,3/1/04,0.30,0.017718079,1.451791923
Portugal,6/1/04,1.70,0.030526708,1.354858474
Portugal,9/1/04,0.70,0.01940116,1.257925025
Portugal,12/1/04,-0.60,0.006030173,1.160991575
Portugal,3/1/05,0.40,0.018751627,1.485831322
Portugal,6/1/05,1.00,0.028056136,1.810671068
Portugal,9/1/05,-1.60,0.005579747,2.135510814
Portugal,12/1/05,-0.40,0.020351126,2.46035056
Portugal,3/1/06,-1.00,0.01110502,2.153710333
Portugal,6/1/06,-0.60,0.012707699,1.847070106
Portugal,9/1/06,-0.70,0.008654057,1.540429879
Portugal,12/1/06,2.20,0.034612711,1.233789652
Portugal,3/1/07,2.50,0.038395894,1.315110696
Portugal,6/1/07,1.20,0.02588404,1.39643174
Portugal,9/1/07,2.60,0.041078111,1.477752783
Portugal,12/1/07,0.10,0.016844928,1.559073827
Portugal,3/1/08,-0.30,0.008056217,1.110881829
Portugal,6/1/08,-1.00,-0.003192829,0.662689831
Portugal,9/1/08,-0.70,-0.004644381,0.214497833
Portugal,12/1/08,-1.60,-0.018831846,-0.233694165
Portugal,3/1/09,-4.20,-0.03875329,0.321446283
Portugal,6/1/09,-2.50,-0.015791277,0.87658673
Portugal,9/1/09,-1.20,0.002135179,1.431727178
Portugal,12/1/09,-1.80,0.002114087,1.986867626
Portugal,3/1/10,2.40,0.037641554,1.396638681
Portugal,6/1/10,0.40,0.011935955,0.806409735
Portugal,9/1/10,0.00,0.002200664,0.21618079
Portugal,12/1/10,-0.70,-0.01076212,-0.374048155
Portugal,3/1/11,-3.20,-0.04394817,-1.229105469
Portugal,6/1/11,-2.50,-0.046128807,-2.084162784
Portugal,9/1/11,-2.20,-0.050984323,-2.939220098
Portugal,12/1/11,-3.60,-0.074311884,-3.794277412
Portugal,3/1/12,-2.70,-0.064214407,-3.730757029
Portugal,6/1/12,-5.20,-0.088698879,-3.667236646
Portugal,9/1/12,-2.80,-0.064388816,-3.603716263
Portugal,12/1/12,-2.70,-0.062656034,-3.54019588
Portugal,3/1/13,0.70,-0.015441199,-2.283630045
Portugal,6/1/13,1.70,0.006435821,-1.027064209
Portugal,9/1/13,1.50,0.017025823,0.229501626
Portugal,12/1/13,1.70,0.03229596,1.486067462
Portugal,3/1/14,-0.30,0.009491558,1.253232086
Portugal,6/1/14,2.60,0.036689582,1.020396709
Portugal,9/1/14,1.90,0.026959681,0.787561333
Portugal,12/1/14,-0.70,-0.001333457,0.554725956
Portugal,3/1/15,3.60,0.044312956,0.835979042
Portugal,6/1/15,2.30,0.033830023,1.117232127
Portugal,9/1/15,1.40,0.027999915,1.398485213
Portugal,12/1/15,1.10,0.028096352,1.679738299
Portugal,3/1/16,2.00,0.037328383,1.746216656
Portugal,6/1/16,1.20,0.029859905,1.812695013
Portugal,9/1/16,1.00,0.029261326,1.87917337
Portugal,12/1/16,1.00,0.029650897,1.945651727
Portugal,3/1/17,1.00,0.028712896,1.89507155
Portugal,6/1/17,1.70,0.03504846,1.844491373
Portugal,9/1/17,1.90,0.036688371,1.793911196
Portugal,12/1/17,2.80,0.045292887,1.743331019
Portugal,3/1/18,1.50,0.033206092,1.846353847
Portugal,6/1/18,0.60,0.02546421,1.949376674
Portugal,9/1/18,0.60,0.026174395,2.052399501
Portugal,12/1/18,1.50,0.036485385,2.155422328
Portugal,3/1/19,1.00,0.031799429,2.195914755
Portugal,6/1/19,0.60,0.028551442,2.236407181
Portugal,9/1/19,1.40,0.037141533,2.276899608
Portugal,12/1/19,#N/A,#N/A,2.317392034
Portugal,3/1/20,#N/A,#N/A,#N/A
Portugal,6/1/20,#N/A,#N/A,#N/A
Portugal,9/1/20,#N/A,#N/A,#N/A
Portugal,12/1/20,#N/A,#N/A,#N/A
Slovenia,3/1/99,#N/A,#N/A,#N/A
Slovenia,6/1/99,#N/A,#N/A,#N/A
Slovenia,9/1/99,#N/A,#N/A,#N/A
Slovenia,12/1/99,#N/A,#N/A,#N/A
Slovenia,3/1/00,#N/A,0.020376726,#N/A
Slovenia,6/1/00,#N/A,-0.010283946,#N/A
Slovenia,9/1/00,#N/A,0.019720439,#N/A
Slovenia,12/1/00,#N/A,-0.007924945,#N/A
Slovenia,3/1/01,4.60,0.029701945,-1.617395933
Slovenia,6/1/01,3.60,0.020094054,-1.617395933
Slovenia,9/1/01,5.60,0.039599446,-1.617395933
Slovenia,12/1/01,6.60,0.049800918,-1.617395933
Slovenia,3/1/02,4.70,0.032540464,-1.477636076
Slovenia,6/1/02,5.30,0.039454814,-1.33787622
Slovenia,9/1/02,5.30,0.040984177,-1.198116363
Slovenia,12/1/02,4.20,0.031516708,-1.058356506
Slovenia,3/1/03,3.00,0.023206026,-0.677766287
Slovenia,6/1/03,3.10,0.028246358,-0.297176068
Slovenia,9/1/03,3.70,0.037882751,0.083414152
Slovenia,12/1/03,2.80,0.032764432,0.464004371
Slovenia,3/1/04,3.50,0.040340022,0.539906978
Slovenia,6/1/04,3.10,0.037471787,0.615809586
Slovenia,9/1/04,3.60,0.043213599,0.691712193
Slovenia,12/1/04,3.60,0.043931499,0.767614801
Slovenia,3/1/05,0.50,0.014843934,0.95161423
Slovenia,6/1/05,4.20,0.053732052,1.13561366
Slovenia,9/1/05,1.00,0.023219539,1.31961309
Slovenia,12/1/05,0.70,0.021615807,1.50361252
Slovenia,3/1/06,3.50,0.053018875,1.827825597
Slovenia,6/1/06,1.40,0.035407095,2.152038675
Slovenia,9/1/06,3.70,0.062254103,2.476251752
Slovenia,12/1/06,4.10,0.068779264,2.800464829
Slovenia,3/1/07,6.30,0.093137979,3.00441928
Slovenia,6/1/07,4.70,0.078975534,3.20837373
Slovenia,9/1/07,5.20,0.085708912,3.412328181
Slovenia,12/1/07,0.90,0.044828048,3.616282631
Slovenia,3/1/08,-0.40,0.02880427,3.231591186
Slovenia,6/1/08,0.80,0.036823768,2.84689974
Slovenia,9/1/08,-0.80,0.016527643,2.462208294
Slovenia,12/1/08,-0.70,0.013401866,2.077516848
Slovenia,3/1/09,-6.00,-0.035105318,2.4687583
Slovenia,6/1/09,-9.50,-0.065906184,2.859999752
Slovenia,9/1/09,-8.90,-0.056164693,3.251241204
Slovenia,12/1/09,-8.40,-0.047953729,3.642482656
Slovenia,3/1/10,-5.50,-0.030674616,2.386318935
Slovenia,6/1/10,-1.90,-0.007816178,1.130155215
Slovenia,9/1/10,-1.50,-0.016063572,-0.126008506
Slovenia,12/1/10,0.80,-0.006101685,-1.382172227
Slovenia,3/1/11,4.80,0.037344216,-1.049452888
Slovenia,6/1/11,0.90,0.001559931,-0.716733549
Slovenia,9/1/11,0.10,-0.002631067,-0.38401421
Slovenia,12/1/11,-2.80,-0.028029636,-0.051294871
Slovenia,3/1/12,-2.10,-0.025512352,-0.439412061
Slovenia,6/1/12,-4.50,-0.053670778,-0.827529251
Slovenia,9/1/12,-3.80,-0.049912262,-1.21564644
Slovenia,12/1/12,-3.90,-0.055524215,-1.60376363
Slovenia,3/1/13,-4.70,-0.057485657,-1.051310128
Slovenia,6/1/13,-0.40,-0.009320454,-0.498856627
Slovenia,9/1/13,-0.60,-0.005773041,0.053596875
Slovenia,12/1/13,1.80,0.023921373,0.606050377
Slovenia,3/1/14,2.50,0.032355155,0.732737427
Slovenia,6/1/14,2.10,0.029858478,0.859424477
Slovenia,9/1/14,2.90,0.038818533,0.986111527
Slovenia,12/1/14,1.00,0.020644059,1.112798578
Slovenia,3/1/15,1.80,0.03376101,1.623998198
Slovenia,6/1/15,0.50,0.026757692,2.135197819
Slovenia,9/1/15,0.80,0.03443534,2.646397439
Slovenia,12/1/15,2.50,0.056393782,3.15759706
Slovenia,3/1/16,1.40,0.04425978,3.023216823
Slovenia,6/1/16,1.60,0.044927145,2.888836587
Slovenia,9/1/16,0.90,0.036372726,2.754456351
Slovenia,12/1/16,0.60,0.032549849,2.620076114
Slovenia,3/1/17,0.80,0.034485743,2.619553699
Slovenia,6/1/17,1.80,0.044070056,2.619031285
Slovenia,9/1/17,2.50,0.051362379,2.61850887
Slovenia,12/1/17,4.20,0.06858994,2.617986455
Slovenia,3/1/18,2.90,0.055778943,2.708364174
Slovenia,6/1/18,1.10,0.038927364,2.798741893
Slovenia,9/1/18,2.30,0.052240135,2.889119612
Slovenia,12/1/18,0.90,0.038509939,2.979497331
Slovenia,3/1/19,1.30,0.043231795,3.038936881
Slovenia,6/1/19,0.50,0.036433232,3.098376432
Slovenia,9/1/19,-0.30,0.028173711,3.157815982
Slovenia,12/1/19,#N/A,#N/A,3.217255532
Slovenia,3/1/20,#N/A,#N/A,#N/A
Slovenia,6/1/20,#N/A,#N/A,#N/A
Slovenia,9/1/20,#N/A,#N/A,#N/A
Slovenia,12/1/20,#N/A,#N/A,#N/A
Spain,3/1/99,#N/A,#N/A,#N/A
Spain,6/1/99,#N/A,#N/A,#N/A
Spain,9/1/99,#N/A,#N/A,#N/A
Spain,12/1/99,#N/A,#N/A,#N/A
Spain,3/1/00,#N/A,0.059463236,#N/A
Spain,6/1/00,#N/A,0.05356328,#N/A
Spain,9/1/00,#N/A,0.051214661,#N/A
Spain,12/1/00,#N/A,0.042028107,#N/A
Spain,3/1/01,0.90,0.043550143,3.497681272
Spain,6/1/01,0.50,0.040300059,3.497681272
Spain,9/1/01,0.90,0.043756646,3.497681272
Spain,12/1/01,1.60,0.050570987,3.497681272
Spain,3/1/02,0.50,0.041235832,3.666905893
Spain,6/1/02,0.10,0.039802628,3.836130515
Spain,9/1/02,0.20,0.042296521,4.005355137
Spain,12/1/02,-1.50,0.026705053,4.174579758
Spain,3/1/03,-0.60,0.034955402,4.131814509
Spain,6/1/03,-0.20,0.03883178,4.089049259
Spain,9/1/03,0.00,0.040347405,4.04628401
Spain,12/1/03,0.10,0.041024951,4.003518761
Spain,3/1/04,0.50,0.044788917,3.934713557
Spain,6/1/04,-0.10,0.037431495,3.865908353
Spain,9/1/04,-0.10,0.036770065,3.797103149
Spain,12/1/04,0.20,0.039485123,3.728297945
Spain,3/1/05,0.70,0.044034731,3.707522883
Spain,6/1/05,1.20,0.048799864,3.686747822
Spain,9/1/05,0.50,0.041271362,3.66597276
Spain,12/1/05,0.50,0.041339784,3.645197699
Spain,3/1/06,0.70,0.042834506,3.554049971
Spain,6/1/06,0.60,0.040468975,3.462902244
Spain,9/1/06,1.00,0.044070085,3.371754517
Spain,12/1/06,2.30,0.055344394,3.28060679
Spain,3/1/07,1.70,0.049958845,3.293086919
Spain,6/1/07,1.50,0.047973082,3.305567049
Spain,9/1/07,0.70,0.040161718,3.318047179
Spain,12/1/07,-0.20,0.031717503,3.330527309
Spain,3/1/08,-2.50,0.001468347,2.615574021
Spain,6/1/08,-2.00,-0.000755875,1.900620733
Spain,9/1/08,-2.60,-0.014079892,1.185667445
Spain,12/1/08,-2.50,-0.020192436,0.470714158
Spain,3/1/09,-4.90,-0.040524331,0.859534554
Spain,6/1/09,-5.20,-0.039137576,1.248354951
Spain,9/1/09,-4.00,-0.024069219,1.637175348
Spain,12/1/09,-5.00,-0.030147786,2.025995745
Spain,3/1/10,-2.80,-0.013532736,1.414838737
Spain,6/1/10,-1.90,-0.010620173,0.803681728
Spain,9/1/10,-1.70,-0.014805874,0.19252472
Spain,12/1/10,-1.50,-0.019446425,-0.418632288
Spain,3/1/11,-2.00,-0.029471701,-0.972838051
Spain,6/1/11,-2.20,-0.037111548,-1.527043815
Spain,9/1/11,-1.70,-0.037946504,-2.081249578
Spain,12/1/11,-2.40,-0.050786425,-2.635455341
Spain,3/1/12,-1.90,-0.043478757,-2.48615308
Spain,6/1/12,-3.20,-0.055109915,-2.336850819
Spain,9/1/12,-2.80,-0.049920597,-2.187548558
Spain,12/1/12,-4.60,-0.066034256,-2.038246297
Spain,3/1/13,-2.90,-0.046650915,-1.795382558
Spain,6/1/13,-1.40,-0.029297576,-1.55251882
Spain,9/1/13,-0.70,-0.020285375,-1.309655081
Spain,12/1/13,1.00,-0.000686424,-1.066791343
Spain,3/1/14,1.30,0.005355985,-0.734289208
Spain,6/1/14,0.80,0.003600588,-0.401787072
Spain,9/1/14,1.80,0.017609892,-0.069284937
Spain,12/1/14,2.30,0.025583058,0.263217198
Spain,3/1/15,4.00,0.047071562,0.740223916
Spain,6/1/15,3.40,0.046374783,1.217230634
Spain,9/1/15,3.30,0.049827967,1.694237353
Spain,12/1/15,3.20,0.053317731,2.171244071
Spain,3/1/16,2.00,0.040320992,2.000568366
Spain,6/1/16,2.70,0.045370412,1.829892661
Spain,9/1/16,2.10,0.037263267,1.659216956
Spain,12/1/16,0.60,0.020445824,1.488541251
Spain,3/1/17,0.00,0.012789663,1.249746882
Spain,6/1/17,1.40,0.023873648,1.010952513
Spain,9/1/17,1.80,0.025317861,0.772158144
Spain,12/1/17,2.50,0.030191738,0.533363775
Spain,3/1/18,2.10,0.026971577,0.636810767
Spain,6/1/18,0.90,0.015917667,0.740257759
Spain,9/1/18,-0.10,0.007746716,0.84370475
Spain,12/1/18,1.10,0.0200597,0.947151742
Spain,3/1/19,1.50,0.027394438,1.245752853
Spain,6/1/19,1.10,0.026629382,1.544353964
Spain,9/1/19,1.00,0.028605449,1.842955075
Spain,12/1/19,0.90,0.030276969,2.141556186
Spain,3/1/20,#N/A,#N/A,#N/A
Spain,6/1/20,#N/A,#N/A,#N/A
Spain,9/1/20,#N/A,#N/A,#N/A
Spain,12/1/20,#N/A,#N/A,#N/A
Sweden,3/1/99,#N/A,#N/A,#N/A
Sweden,6/1/99,#N/A,#N/A,#N/A
Sweden,9/1/99,#N/A,#N/A,#N/A
Sweden,12/1/99,#N/A,#N/A,#N/A
Sweden,3/1/00,#N/A,0.050149251,#N/A
Sweden,6/1/00,#N/A,0.065075112,#N/A
Sweden,9/1/00,#N/A,0.069905174,#N/A
Sweden,12/1/00,#N/A,0.035667273,#N/A
Sweden,3/1/01,1.10,0.036737425,2.61104582
Sweden,6/1/01,-1.30,0.012613632,2.61104582
Sweden,9/1/01,-3.00,-0.003582693,2.61104582
Sweden,12/1/01,-1.00,0.015634233,2.61104582
Sweden,3/1/02,-2.60,6.63491E-06,2.639399172
Sweden,6/1/02,-0.70,0.01987423,2.667752525
Sweden,9/1/02,0.70,0.033516741,2.696105878
Sweden,12/1/02,-1.70,0.010715997,2.724459231
Sweden,3/1/03,-0.10,0.024615782,2.529279226
Sweden,6/1/03,-2.00,0.003585643,2.334099222
Sweden,9/1/03,0.50,0.026592443,2.138919217
Sweden,12/1/03,0.80,0.027430699,1.943739213
Sweden,3/1/04,1.70,0.037569695,2.064521126
Sweden,6/1/04,2.90,0.05080842,2.185303038
Sweden,9/1/04,1.80,0.041086761,2.306084951
Sweden,12/1/04,1.70,0.04082289,2.426866864
Sweden,3/1/05,-0.70,0.018209257,2.486314126
Sweden,6/1/05,1.00,0.035583964,2.545761388
Sweden,9/1/05,0.60,0.031870464,2.605208651
Sweden,12/1/05,1.10,0.038003995,2.664655913
Sweden,3/1/06,3.50,0.06113861,2.576857494
Sweden,6/1/06,2.10,0.04622819,2.489059075
Sweden,9/1/06,2.20,0.046334612,2.401260657
Sweden,12/1/06,2.40,0.047528155,2.313462238
Sweden,3/1/07,2.30,0.048794508,2.545028979
Sweden,6/1/07,1.50,0.043265587,2.77659572
Sweden,9/1/07,0.70,0.036707799,3.00816246
Sweden,12/1/07,0.20,0.03414781,3.239729201
Sweden,3/1/08,-2.20,0.007472696,2.937213915
Sweden,6/1/08,-1.60,0.010160727,2.634698629
Sweden,9/1/08,-2.40,-0.000185551,2.332183343
Sweden,12/1/08,-5.20,-0.031944847,2.029668056
Sweden,3/1/09,-5.70,-0.033185527,2.41697076
Sweden,6/1/09,-5.10,-0.022466816,2.804273463
Sweden,9/1/09,-4.40,-0.012543972,3.191576166
Sweden,12/1/09,-2.70,0.008484902,3.578878869
Sweden,3/1/10,0.90,0.038859053,3.010105381
Sweden,6/1/10,3.00,0.054614097,2.441331892
Sweden,9/1/10,5.00,0.068367054,1.872558403
Sweden,12/1/10,6.20,0.075490657,1.303784915
Sweden,3/1/11,2.50,0.038837332,1.389134264
Sweden,6/1/11,0.10,0.015951057,1.474483614
Sweden,9/1/11,-0.30,0.012933795,1.559832964
Sweden,12/1/11,-3.40,-0.017137449,1.645182313
Sweden,3/1/12,-1.90,-0.004572715,1.490552272
Sweden,6/1/12,-1.30,0.000155839,1.335922231
Sweden,9/1/12,-2.80,-0.015922227,1.18129219
Sweden,12/1/12,-1.10,-0.00078735,1.026662149
Sweden,3/1/13,-0.20,0.011320788,1.315746993
Sweden,6/1/13,-0.20,0.014020352,1.604831836
Sweden,9/1/13,0.20,0.021109212,1.893916679
Sweden,12/1/13,1.40,0.036151161,2.183001522
Sweden,3/1/14,1.30,0.038445022,2.522756796
Sweden,6/1/14,1.70,0.045650663,2.86251207
Sweden,9/1/14,1.80,0.050502813,3.202267345
Sweden,12/1/14,1.80,0.053691487,3.542022619
Sweden,3/1/15,2.60,0.062055698,3.649380333
Sweden,6/1/15,3.10,0.06861802,3.756738048
Sweden,9/1/15,2.80,0.066747898,3.864095763
Sweden,12/1/15,3.30,0.072535046,3.971453477
Sweden,3/1/16,-0.40,0.031718084,3.62126593
Sweden,6/1/16,0.40,0.036411585,3.271078383
Sweden,9/1/16,-1.00,0.019605421,2.920890835
Sweden,12/1/16,0.30,0.028880325,2.570703288
Sweden,3/1/17,1.50,0.040246676,2.529070711
Sweden,6/1/17,0.10,0.026100409,2.487438135
Sweden,9/1/17,-0.30,0.021206493,2.445805558
Sweden,12/1/17,0.10,0.025258769,2.404172982
Sweden,3/1/18,0.80,0.031856179,2.338007896
Sweden,6/1/18,1.00,0.032663981,2.27184281
Sweden,9/1/18,-0.70,0.015034608,2.205677724
Sweden,12/1/18,0.30,0.024120771,2.139512639
Sweden,3/1/19,0.30,0.02536709,2.2631271
Sweden,6/1/19,-0.80,0.01615953,2.386741562
Sweden,9/1/19,0.50,0.029814063,2.510356023
Sweden,12/1/19,#N/A,#N/A,2.633970485
Sweden,3/1/20,#N/A,#N/A,#N/A
Sweden,6/1/20,#N/A,#N/A,#N/A
Sweden,9/1/20,#N/A,#N/A,#N/A
Sweden,12/1/20,#N/A,#N/A,#N/A
United Kingdom,3/1/99,#N/A,#N/A,#N/A
United Kingdom,6/1/99,#N/A,#N/A,#N/A
United Kingdom,9/1/99,#N/A,#N/A,#N/A
United Kingdom,12/1/99,#N/A,#N/A,#N/A
United Kingdom,3/1/00,#N/A,0.046577752,#N/A
United Kingdom,6/1/00,#N/A,0.051856321,#N/A
United Kingdom,9/1/00,#N/A,0.039695422,#N/A
United Kingdom,12/1/00,#N/A,0.027783797,#N/A
United Kingdom,3/1/01,1.10,0.032569051,2.159948175
United Kingdom,6/1/01,0.00,0.021816069,2.159948175
United Kingdom,9/1/01,0.10,0.022891663,2.159948175
United Kingdom,12/1/01,-0.10,0.020164874,2.159948175
United Kingdom,3/1/02,-1.50,0.01015404,2.540006081
United Kingdom,6/1/02,0.10,0.030178142,2.920063987
United Kingdom,9/1/02,0.20,0.035186594,3.300121893
United Kingdom,12/1/02,0.40,0.041017186,3.680179799
United Kingdom,3/1/03,1.90,0.054942863,3.619155964
United Kingdom,6/1/03,0.00,0.035471603,3.558132129
United Kingdom,9/1/03,0.30,0.03749628,3.497108294
United Kingdom,12/1/03,0.50,0.039715678,3.436084459
United Kingdom,3/1/04,-0.10,0.033540237,3.425534357
United Kingdom,6/1/04,0.40,0.037699881,3.414984256
United Kingdom,9/1/04,0.30,0.03682134,3.404434154
United Kingdom,12/1/04,0.00,0.033690064,3.393884053
United Kingdom,3/1/05,-0.10,0.031286263,3.205526087
United Kingdom,6/1/05,1.40,0.044558071,3.017168122
United Kingdom,9/1/05,0.00,0.028368023,2.828810157
United Kingdom,12/1/05,1.40,0.039917713,2.640452191
United Kingdom,3/1/06,2.20,0.047659461,2.575493311
United Kingdom,6/1/06,-0.60,0.019165884,2.510534431
United Kingdom,9/1/06,1.20,0.036538371,2.445575551
United Kingdom,12/1/06,-0.30,0.02112487,2.380616671
United Kingdom,3/1/07,0.00,0.021467549,2.166117788
United Kingdom,6/1/07,0.30,0.022232935,1.951618905
United Kingdom,9/1/07,1.10,0.028204321,1.737120022
United Kingdom,12/1/07,1.80,0.033026635,1.522621139
United Kingdom,3/1/08,0.90,0.024182625,1.488735457
United Kingdom,6/1/08,-0.30,0.01173623,1.454849774
United Kingdom,9/1/08,-4.20,-0.027871777,1.420964092
United Kingdom,12/1/08,-5.60,-0.04184638,1.38707841
United Kingdom,3/1/09,-7.70,-0.067314036,0.975565995
United Kingdom,6/1/09,-6.20,-0.055943625,0.564053579
United Kingdom,9/1/09,-3.40,-0.032381451,0.152541164
United Kingdom,12/1/09,-2.30,-0.025515748,-0.258971251
United Kingdom,3/1/10,0.60,0.001647708,-0.428520895
United Kingdom,6/1/10,2.10,0.015270396,-0.59807054
United Kingdom,9/1/10,1.80,0.010240914,-0.767620184
United Kingdom,12/1/10,2.20,0.012734145,-0.937169828
United Kingdom,3/1/11,2.50,0.014505961,-1.022582721
United Kingdom,6/1/11,0.30,-0.008459655,-1.107995613
United Kingdom,9/1/11,0.00,-0.011605529,-1.193408506
United Kingdom,12/1/11,0.90,-0.003721772,-1.278821398
United Kingdom,3/1/12,0.00,-0.009452816,-0.89817915
United Kingdom,6/1/12,0.90,0.004089514,-0.517536901
United Kingdom,9/1/12,1.70,0.015440609,-0.136894653
United Kingdom,12/1/12,1.10,0.012991577,0.243747595
United Kingdom,3/1/13,0.20,0.006475227,0.457030196
United Kingdom,6/1/13,1.80,0.025181967,0.670312797
United Kingdom,9/1/13,0.40,0.013165319,0.883595398
United Kingdom,12/1/13,1.40,0.024977489,1.096877999
United Kingdom,3/1/14,2.50,0.037988141,1.339714599
United Kingdom,6/1/14,1.70,0.032825233,1.5825512
United Kingdom,9/1/14,0.90,0.026778281,1.825387801
United Kingdom,12/1/14,0.20,0.022273572,2.068224402
United Kingdom,3/1/15,-0.40,0.017052239,2.095060166
United Kingdom,6/1/15,0.30,0.023881504,2.121895931
United Kingdom,9/1/15,0.50,0.02644194,2.148731695
United Kingdom,12/1/15,1.40,0.035341702,2.175567459
United Kingdom,3/1/16,0.50,0.030087399,2.505204293
United Kingdom,6/1/16,1.10,0.039459795,2.834841128
United Kingdom,9/1/16,-0.40,0.028092472,3.164477962
United Kingdom,12/1/16,-1.00,0.024878631,3.494114796
United Kingdom,3/1/17,-0.20,0.0265928,2.834684132
United Kingdom,6/1/17,-1.70,0.004621241,2.175253468
United Kingdom,9/1/17,-0.60,0.009488283,1.515822804
United Kingdom,12/1/17,0.00,0.00871571,0.85639214
United Kingdom,3/1/18,-0.70,0.002293899,0.892017944
United Kingdom,6/1/18,0.30,0.012596036,0.927643749
United Kingdom,9/1/18,1.10,0.020292049,0.963269554
United Kingdom,12/1/18,0.20,0.012326197,0.998895358
United Kingdom,3/1/19,1.80,0.024863259,0.706440781
United Kingdom,6/1/19,0.80,0.012115935,0.413986203
United Kingdom,9/1/19,0.90,0.009989759,0.121531626
United Kingdom,12/1/19,1.60,0.014272276,-0.170922952
United Kingdom,3/1/20,#N/A,#N/A,#N/A
United Kingdom,6/1/20,#N/A,#N/A,#N/A
United Kingdom,9/1/20,#N/A,#N/A,#N/A
United Kingdom,12/1/20,#N/A,#N/A,#N/A
United States,3/1/99,#N/A,#N/A,#N/A
United States,6/1/99,#N/A,#N/A,#N/A
United States,9/1/99,#N/A,#N/A,#N/A
United States,12/1/99,#N/A,#N/A,#N/A
United States,3/1/00,#N/A,0.034473444,#N/A
United States,6/1/00,#N/A,0.041081306,#N/A
United States,9/1/00,#N/A,0.027581093,#N/A
United States,12/1/00,#N/A,0.016884422,#N/A
United States,3/1/01,-1.50,0.011920532,2.710106302
United States,6/1/01,-2.70,4.07856E-05,2.710106302
United States,9/1/01,-2.60,0.001423245,2.710106302
United States,12/1/01,-2.50,0.002464541,2.710106302
United States,3/1/02,-1.30,0.014253443,2.74276683
United States,6/1/02,-1.50,0.012429852,2.775427359
United States,9/1/02,-0.60,0.022217482,2.808087888
United States,12/1/02,-0.80,0.020177534,2.840748417
United States,3/1/03,-1.30,0.013745274,2.670267049
United States,6/1/03,-0.70,0.018048185,2.499785681
United States,9/1/03,0.30,0.026021465,2.329304314
United States,12/1/03,1.80,0.039438751,2.158822946
United States,3/1/04,2.40,0.046174011,2.238327475
United States,6/1/04,1.80,0.041022454,2.317832005
United States,9/1/04,1.10,0.03476581,2.397336534
United States,12/1/04,0.60,0.030847643,2.476841063
United States,3/1/05,0.90,0.032598717,2.388893469
United States,6/1/05,1.20,0.034747325,2.300945876
United States,9/1/05,1.50,0.037390135,2.212998282
United States,12/1/05,0.40,0.024760465,2.125050689
United States,3/1/06,1.30,0.03459713,2.125520688
United States,6/1/06,0.90,0.030140756,2.125990686
United States,9/1/06,-0.70,0.01380491,2.126460685
United States,12/1/06,0.70,0.028673814,2.126930684
United States,3/1/07,-0.20,0.018947672,2.107106191
United States,6/1/07,-0.50,0.016093366,2.087281698
United States,9/1/07,0.30,0.024164321,2.067457205
United States,12/1/07,-1.10,0.009212861,2.047632712
United States,3/1/08,-1.00,0.005876179,1.629684131
United States,6/1/08,-2.90,-0.017122393,1.21173555
United States,9/1/08,-4.50,-0.036679871,0.793786968
United States,12/1/08,-3.20,-0.028611208,0.375838387
United States,3/1/09,-4.60,-0.035948182,1.042812742
United States,6/1/09,-3.60,-0.018682403,1.709787097
United States,9/1/09,-2.50,-0.001667009,2.376761452
United States,12/1/09,-3.30,-0.002097987,3.043735807
United States,3/1/10,-2.50,-0.000443883,2.46564332
United States,6/1/10,0.50,0.023792275,1.887550833
United States,9/1/10,1.90,0.032519323,1.309458346
United States,12/1/10,2.00,0.027134621,0.731365859
United States,3/1/11,1.60,0.021570961,0.601725824
United States,6/1/11,-0.20,0.002226112,0.472085788
United States,9/1/11,-0.50,-0.001714282,0.342445752
United States,12/1/11,-0.40,-0.001373568,0.212805717
United States,3/1/12,2.00,0.024326907,0.445417883
United States,6/1/12,1.40,0.020652282,0.678030049
United States,9/1/12,1.40,0.022858315,0.910642215
United States,12/1/12,0.50,0.016477459,1.143254381
United States,3/1/13,-0.40,0.008870848,1.284160659
United States,6/1/13,0.30,0.017473221,1.425066937
United States,9/1/13,0.90,0.024177671,1.565973215
United States,12/1/13,1.70,0.034300795,1.706879492
United States,3/1/14,0.30,0.021180051,1.786998404
United States,6/1/14,0.60,0.024990391,1.867117316
United States,9/1/14,1.30,0.03249221,1.947236228
United States,12/1/14,1.10,0.031258145,2.02735514
United States,3/1/15,2.30,0.045417833,2.19271745
United States,6/1/15,2.50,0.048101848,2.35807976
United States,9/1/15,1.10,0.035941897,2.52344207
United States,12/1/15,-0.10,0.025486771,2.68880438
United States,3/1/16,-1.00,0.01360513,2.391821204
United States,6/1/16,-0.60,0.014598473,2.094838028
United States,9/1/16,-0.30,0.014582077,1.797854852
United States,12/1/16,-0.20,0.013466218,1.500871676
United States,3/1/17,-0.70,0.010206922,1.671708839
United States,6/1/17,0.20,0.020221627,1.842546002
United States,9/1/17,0.30,0.023441293,2.013383165
United States,12/1/17,0.90,0.030479609,2.184220328
United States,3/1/18,1.40,0.03460088,2.038811339
United States,6/1/18,1.00,0.029255152,1.89340235
United States,9/1/18,1.00,0.027334275,1.74799336
United States,12/1/18,1.00,0.026011175,1.602584371
United States,3/1/19,1.30,0.030089434,1.70418571
United States,6/1/19,0.60,0.024079915,1.805787049
United States,9/1/19,0.00,0.018894202,1.907388388
United States,12/1/19,#N/A,#N/A,2.008989726
United States,3/1/20,#N/A,#N/A,#N/A
United States,6/1/20,#N/A,#N/A,#N/A
United States,9/1/20,#N/A,#N/A,#N/A
United States,12/1/20,#N/A,#N/A,#N/A